date,case,family,start,end,minutes,scope,quality,lines,int,activity,enriched,complete_episode,scope_reason_provisional,timed,in_scope,in_scope_or_review,day_no
2026-08-31,OBS-01,REQ,,,,INCLUDE,VALID,,0.0,Establish or clarify purchasing requirements,True,True,,False,True,True,1
2026-08-31,OBS-01,CLAR,630.0,640.0,10.0,INCLUDE,VALID,1.0,1.0,Establish or clarify purchasing requirements,True,True,,True,True,True,1
2026-08-31,OBS-02,REQ,,,,INCLUDE,VALID,,0.0,Receive and complete a defined purchasing request,True,True,,False,True,True,1
2026-08-31,OBS-02,PO,642.0,644.0,2.0,INCLUDE,VALID,1.0,0.0,"Prepare, amend or release a purchase order",True,True,,True,True,True,1
2026-08-31,OBS-02,SEND,646.0,651.0,5.0,INCLUDE,VALID,1.0,0.0,Send the purchase order to the supplier,True,True,,True,True,True,1
2026-08-31,OBS-03,REQ,,,,INCLUDE,VALID,,0.0,Unresolved activity,True,True,,False,True,True,1
2026-08-31,OBS-03,CLAR,,,,INCLUDE,VALID,,0.0,Unresolved activity,True,True,,False,True,True,1
2026-08-31,OBS-04,REQ,,,,INCLUDE,VALID,,0.0,Receive and complete a defined purchasing request,True,True,,False,True,True,1
2026-08-31,OBS-04,CHECK,652.0,653.0,1.0,INCLUDE,VALID,3.0,0.0,Check and correct an order before release,True,True,,True,True,True,1
2026-08-31,OBS-04,PO,653.0,655.0,2.0,INCLUDE,VALID,1.0,0.0,"Prepare, amend or release a purchase order",True,True,,True,True,True,1
2026-08-31,OBS-04,CHECK,655.0,659.0,4.0,INCLUDE,VALID,3.0,0.0,Check and correct an order before release,True,True,,True,True,True,1
2026-08-31,OBS-04,SEND,,,,INCLUDE,VALID,,0.0,Unresolved activity,True,True,,False,True,True,1
2026-08-31,OBS-05,CHECK,659.0,662.0,3.0,INCLUDE,VALID,3.0,0.0,Unresolved activity,True,True,,True,True,True,1
2026-08-31,OBS-05,EXC,,,,EXCLUDE_EXC,VALID,,0.0,Unresolved activity,True,True,,False,False,False,1
2026-08-31,OBS-06,REQ,,,,INCLUDE,VALID,,0.0,Establish or clarify purchasing requirements,True,True,,False,True,True,1
2026-08-31,OBS-06,CLAR,663.0,664.0,1.0,INCLUDE,VALID,1.0,0.0,Establish or clarify purchasing requirements,True,True,,True,True,True,1
2026-08-31,OBS-06,PO,664.0,668.0,4.0,INCLUDE,VALID,1.0,0.0,"Prepare, amend or release a purchase order",True,True,,True,True,True,1
2026-08-31,OBS-06,SEND,668.0,671.0,3.0,INCLUDE,VALID,,0.0,Send the purchase order to the supplier,True,True,,True,True,True,1
2026-08-31,OBS-07,REQ,,,,INCLUDE,VALID,,0.0,Maintain purchasing master data,True,True,,False,True,True,1
2026-08-31,OBS-07,CLAR,683.0,685.0,2.0,INCLUDE,VALID,1.0,0.0,Maintain purchasing master data,True,True,,True,True,True,1
2026-08-31,OBS-07,OTHER,685.0,689.0,4.0,INCLUDE,VALID,1.0,0.0,Maintain purchasing master data,True,True,,True,True,True,1
2026-08-31,OBS-07,SEND,,,,INCLUDE,VALID,1.0,0.0,Unresolved activity,True,True,,False,True,True,1
2026-08-31,OBS-07,OTHER,689.0,691.0,2.0,INCLUDE,VALID,1.0,0.0,Maintain purchasing master data,True,True,,True,True,True,1
2026-08-31,OBS-07,OTHER,695.0,697.0,2.0,INCLUDE,VALID,1.0,0.0,Maintain purchasing master data,True,True,,True,True,True,1
2026-08-31,OBS-07,CLAR,697.0,699.0,2.0,INCLUDE,VALID,1.0,0.0,Maintain purchasing master data,True,True,,True,True,True,1
2026-08-31,OBS-07,CLAR,699.0,703.0,4.0,INCLUDE,VALID,1.0,1.0,Maintain purchasing master data,True,True,,True,True,True,1
2026-08-31,OBS-04,EXC,711.0,713.0,2.0,EXCLUDE_EXC,VALID,3.0,0.0,Unresolved activity,True,True,,True,False,False,1
2026-08-31,OBS-08,REQ,,,,INCLUDE,VALID,,0.0,Receive and complete a defined purchasing request,True,True,,False,True,True,1
2026-08-31,OBS-08,PO,714.0,715.0,1.0,INCLUDE,VALID,1.0,1.0,"Prepare, amend or release a purchase order",True,True,,True,True,True,1
2026-08-31,OBS-08,SEND,718.0,719.0,1.0,INCLUDE,VALID,,0.0,Send the purchase order to the supplier,True,True,,True,True,True,1
2026-08-31,OBS-09,REQ,,,,INCLUDE,VALID,,0.0,Receive and complete a defined purchasing request,True,True,,False,True,True,1
2026-08-31,OBS-09,PO,719.0,720.0,1.0,INCLUDE,VALID,1.0,1.0,"Prepare, amend or release a purchase order",True,True,,True,True,True,1
2026-08-31,OBS-09,SEND,722.0,723.0,1.0,INCLUDE,VALID,,0.0,Send the purchase order to the supplier,True,True,,True,True,True,1
2026-08-31,OBS-10,REQ,,,,INCLUDE,VALID,,0.0,Receive and complete a defined purchasing request,True,True,,False,True,True,1
2026-08-31,OBS-10,CLAR,726.0,728.0,2.0,INCLUDE,VALID,1.0,0.0,"Prepare, amend or release a purchase order",True,True,,True,True,True,1
2026-08-31,OBS-11,REQ,,,,INCLUDE,VALID,,0.0,Receive and complete a defined purchasing request,True,True,,False,True,True,1
2026-08-31,OBS-11,DEC,,,,INCLUDE,VALID,,0.0,"Assess demand, consolidate and decide order timing",True,True,,False,True,True,1
2026-08-31,OBS-11,PO,729.0,732.0,3.0,INCLUDE,VALID,,0.0,Combined activities,True,True,,True,True,True,1
2026-08-31,OBS-11,PO,,,,INCLUDE,VALID,,0.0,"Prepare, amend or release a purchase order",True,True,,False,True,True,1
2026-08-31,OBS-12,REQ,,,,INCLUDE,VALID,,0.0,Receive and complete a defined purchasing request,True,True,,False,True,True,1
2026-08-31,OBS-12,PO,735.0,737.0,2.0,INCLUDE,VALID,1.0,0.0,"Prepare, amend or release a purchase order",True,True,,True,True,True,1
2026-08-31,OBS-12,SEND,737.0,739.0,2.0,INCLUDE,VALID,,0.0,Send the purchase order to the supplier,True,True,,True,True,True,1
2026-08-31,OBS-13,REQ,,,,INCLUDE,VALID,,0.0,Unresolved activity,True,True,,False,True,True,1
2026-08-31,OBS-13,CLAR,739.0,747.0,8.0,INCLUDE,VALID,,0.0,Unresolved activity,True,True,,True,True,True,1
2026-08-31,OBS-12,CHECK,799.0,803.0,4.0,INCLUDE,VALID,1.0,0.0,Check and process supplier confirmations,True,True,,True,True,True,1
2026-08-31,OBS-09,CHECK,803.0,804.0,1.0,INCLUDE,VALID,1.0,0.0,Unresolved activity,True,True,,True,True,True,1
2026-08-31,OBS-14,REQ,,,,INCLUDE,VALID,,0.0,Receive and complete a defined purchasing request,True,True,,False,True,True,1
2026-08-31,OBS-14,DEC,,,,INCLUDE,VALID,,0.0,"Prepare, amend or release a purchase order",True,True,,False,True,True,1
2026-08-31,OBS-14,SEND,805.0,806.0,1.0,INCLUDE,VALID,,0.0,"Prepare, amend or release a purchase order",True,True,,True,True,True,1
2026-08-31,OBS-15,REQ,,,,INCLUDE,VALID,,0.0,Receive and complete a defined purchasing request,True,True,,False,True,True,1
2026-08-31,OBS-15,DEC,,,,INCLUDE,VALID,,0.0,"Assess demand, consolidate and decide order timing",True,True,,False,True,True,1
2026-08-31,OBS-15,PO,806.0,811.0,5.0,INCLUDE,VALID,16.0,0.0,Combined activities,True,True,,True,True,True,1
2026-08-31,OBS-15,SEND,813.0,814.0,1.0,INCLUDE,VALID,,0.0,Send the purchase order to the supplier,True,True,,True,True,True,1
2026-08-31,OBS-16,REQ,,,,INCLUDE,VALID,,0.0,Receive and complete a defined purchasing request,True,True,,False,True,True,1
2026-08-31,OBS-16,PO,812.0,813.0,1.0,INCLUDE,VALID,4.0,0.0,"Prepare, amend or release a purchase order",True,True,,True,True,True,1
2026-08-31,OBS-16,SEND,814.0,815.0,1.0,INCLUDE,VALID,,0.0,Send the purchase order to the supplier,True,True,,True,True,True,1
2026-08-31,OBS-17,EXC,830.0,832.0,2.0,EXCLUDE_EXC,VALID,,0.0,Unresolved activity,True,True,,True,False,False,1
2026-08-31,OBS-01,CLAR,832.0,835.0,3.0,INCLUDE,VALID,,0.0,Establish or clarify purchasing requirements,True,True,,True,True,True,1
2026-08-31,OBS-01,PO,835.0,836.0,1.0,INCLUDE,VALID,,0.0,"Prepare, amend or release a purchase order",True,True,,True,True,True,1
2026-08-31,OBS-16,REQ,,,,EXCLUDE_AFTERCARE,VALID,,0.0,Follow up order status or delivery commitments,True,True,,False,False,False,1
2026-08-31,OBS-16,CLAR,836.0,842.0,6.0,EXCLUDE_AFTERCARE,VALID,,0.0,Follow up order status or delivery commitments,True,True,,True,False,False,1
2026-08-31,OBS-16,OTHER,842.0,844.0,2.0,EXCLUDE_AFTERCARE,VALID,,0.0,Follow up order status or delivery commitments,True,True,,True,False,False,1
2026-08-31,OBS-07,CLAR,844.0,845.0,1.0,INCLUDE,VALID,,0.0,Maintain purchasing master data,True,True,,True,True,True,1
2026-09-01,OBS-01,EXC,631.0,643.0,12.0,EXCLUDE_EXC,VALID,,0.0,Resolve post-receipt or invoice discrepancies,True,True,,True,False,False,2
2026-09-01,OBS-02,REQ,649.0,650.0,1.0,INCLUDE,VALID,,0.0,Establish or clarify purchasing requirements,True,True,,True,True,True,2
2026-09-01,OBS-02,CLAR,650.0,656.0,6.0,INCLUDE,VALID,,0.0,Establish or clarify purchasing requirements,True,True,,True,True,True,2
2026-09-01,OBS-02,SEND,656.0,664.0,8.0,INCLUDE,VALID,,0.0,Establish or clarify purchasing requirements,True,True,,True,True,True,2
2026-09-01,OBS-03,EXC,665.0,668.0,3.0,EXCLUDE_EXC,VALID,,1.0,Resolve post-receipt or invoice discrepancies,True,True,,True,False,False,2
2026-09-01,OBS-03,EXC,669.0,671.0,2.0,EXCLUDE_EXC,VALID,,0.0,Resolve post-receipt or invoice discrepancies,True,True,,True,False,False,2
2026-09-01,OBS-04,REQ,,,,EXCLUDE_AFTERCARE,VALID,,0.0,Unresolved activity,True,True,,False,False,False,2
2026-09-01,OBS-04,SEND,671.0,674.0,3.0,EXCLUDE_AFTERCARE,VALID,,0.0,Unresolved activity,True,True,,True,False,False,2
2026-09-01,OBS-05,REQ,,,,INCLUDE,VALID,,0.0,Unresolved activity,True,True,,False,True,True,2
2026-09-01,OBS-05,CLAR,675.0,677.0,2.0,INCLUDE,VALID,,0.0,Unresolved activity,True,True,,True,True,True,2
2026-09-01,OBS-05,SEND,677.0,679.0,2.0,INCLUDE,VALID,,0.0,Unresolved activity,True,True,,True,True,True,2
2026-09-01,OBS-06,CHECK,679.0,681.0,2.0,INCLUDE,VALID,,0.0,Unresolved activity,True,True,,True,True,True,2
2026-09-01,OBS-07,SEND,681.0,682.0,1.0,REVIEW_SCOPE,VALID,,0.0,Unresolved activity,True,True,,True,False,True,2
2026-09-01,OBS-08,EXC,682.0,684.0,2.0,EXCLUDE_EXC,VALID,,1.0,Unresolved activity,True,True,,True,False,False,2
2026-09-01,OBS-09,REQ,,,,EXCLUDE_AFTERCARE,VALID,,0.0,Follow up order status or delivery commitments,True,True,,False,False,False,2
2026-09-01,OBS-09,EXC,684.0,686.0,2.0,EXCLUDE_EXC,VALID,,0.0,Follow up order status or delivery commitments,True,True,,True,False,False,2
2026-09-01,OBS-10,OTHER,686.0,689.0,3.0,REVIEW_SCOPE,VALID,,0.0,Unresolved activity,True,True,,True,False,True,2
2026-09-01,OBS-11,EXC,691.0,694.0,3.0,EXCLUDE_EXC,VALID,,0.0,Follow up order status or delivery commitments,True,True,,True,False,False,2
2026-09-01,OBS-12,REQ,,,,INCLUDE,VALID,,0.0,Establish or clarify purchasing requirements,True,True,,False,True,True,2
2026-09-01,OBS-12,CLAR,695.0,711.0,16.0,INCLUDE,VALID,,0.0,Establish or clarify purchasing requirements,True,True,,True,True,True,2
2026-09-01,OBS-12,SEND,711.0,714.0,3.0,INCLUDE,VALID,,0.0,Unresolved activity,True,True,,True,True,True,2
2026-09-01,OBS-13,CHECK,715.0,716.0,1.0,INCLUDE,VALID,2.0,0.0,Unresolved activity,True,True,,True,True,True,2
2026-09-01,OBS-14,CHECK,716.0,717.0,1.0,INCLUDE,VALID,1.0,0.0,Unresolved activity,True,True,,True,True,True,2
2026-09-01,OBS-15,CHECK,717.0,720.0,3.0,INCLUDE,VALID,3.0,0.0,Unresolved activity,True,True,,True,True,True,2
2026-09-01,OBS-16,EXC,720.0,724.0,4.0,EXCLUDE_EXC,VALID,4.0,0.0,Unresolved activity,True,True,,True,False,False,2
2026-09-01,OBS-17,REQ,,,,INCLUDE,VALID,,0.0,Maintain purchasing master data,True,True,,False,True,True,2
2026-09-01,OBS-17,CLAR,726.0,728.0,2.0,INCLUDE,VALID,,1.0,Maintain purchasing master data,True,True,,True,True,True,2
2026-09-01,OBS-17,SEND,728.0,729.0,1.0,INCLUDE,VALID,,0.0,Maintain purchasing master data,True,True,,True,True,True,2
2026-09-01,OBS-18,REQ,,,,INCLUDE,VALID,,0.0,Receive and complete a defined purchasing request,True,True,,False,True,True,2
2026-09-01,OBS-18,CHECK,729.0,735.0,6.0,INCLUDE,VALID,4.0,0.0,Check and correct an order before release,True,True,,True,True,True,2
2026-09-01,OBS-19,EXC,735.0,740.0,5.0,EXCLUDE_EXC,VALID,,0.0,Unresolved activity,True,True,,True,False,False,2
2026-09-01,OBS-19,EXC,742.0,745.0,3.0,EXCLUDE_EXC,VALID,,0.0,Combined activities,True,True,,True,False,False,2
2026-09-01,31AUG-OBS-07,OTHER,795.0,803.0,8.0,INCLUDE,VALID,,0.0,Maintain purchasing master data,True,True,,True,True,True,2
2026-09-01,OBS-20,OTHER,803.0,807.0,4.0,INCLUDE,VALID,,0.0,Unresolved activity,True,True,,True,True,True,2
2026-09-01,OBS-21,EXC,807.0,809.0,2.0,EXCLUDE_EXC,VALID,,0.0,Unresolved activity,True,True,,True,False,False,2
2026-09-01,OBS-22,PO,809.0,830.0,21.0,INCLUDE,VALID,,0.0,"Prepare, amend or release a purchase order",True,True,,True,True,True,2
2026-09-01,OBS-23,PO,830.0,833.0,3.0,INCLUDE,VALID,,0.0,"Prepare, amend or release a purchase order",True,True,,True,True,True,2
2026-09-01,OBS-24,PO,833.0,834.0,1.0,INCLUDE,VALID,,1.0,"Prepare, amend or release a purchase order",True,True,,True,True,True,2
2026-09-01,OBS-25,REQ,,,,REVIEW_SCOPE,VALID,,0.0,Unresolved activity,True,True,,False,False,True,2
2026-09-01,OBS-25,PO,834.0,835.0,1.0,REVIEW_SCOPE,VALID,1.0,0.0,"Prepare, amend or release a purchase order",True,True,,True,False,True,2
2026-09-01,OBS-24,PO,835.0,837.0,2.0,INCLUDE,VALID,,0.0,"Prepare, amend or release a purchase order",True,True,,True,True,True,2
2026-09-01,OBS-26,PO,837.0,838.0,1.0,INCLUDE,VALID,,0.0,"Prepare, amend or release a purchase order",True,True,,True,True,True,2
2026-09-01,OBS-27,PO,838.0,843.0,5.0,INCLUDE,VALID,,0.0,"Prepare, amend or release a purchase order",True,True,,True,True,True,2
2026-09-01,OBS-28,PO,843.0,845.0,2.0,INCLUDE,VALID,,0.0,"Prepare, amend or release a purchase order",True,True,,True,True,True,2
2026-09-01,OBS-23,PO,845.0,849.0,4.0,INCLUDE,VALID,,0.0,"Assess demand, consolidate and decide order timing",True,True,,True,True,True,2
2026-09-01,OBS-24,PO,849.0,851.0,2.0,INCLUDE,VALID,,0.0,"Assess demand, consolidate and decide order timing",True,True,,True,True,True,2
2026-09-01,OBS-26,PO,851.0,852.0,1.0,INCLUDE,VALID,,0.0,"Assess demand, consolidate and decide order timing",True,True,,True,True,True,2
2026-09-01,OBS-29,PO,852.0,857.0,5.0,INCLUDE,VALID,7.0,1.0,"Assess demand, consolidate and decide order timing",True,True,,True,True,True,2
2026-09-01,OBS-27,PO,857.0,859.0,2.0,INCLUDE,VALID,27.0,0.0,"Assess demand, consolidate and decide order timing",True,True,,True,True,True,2
2026-09-01,OBS-30,PO,860.0,861.0,1.0,INCLUDE,VALID,15.0,0.0,"Assess demand, consolidate and decide order timing",True,True,,True,True,True,2
2026-09-08,OBS-01,EXC,630.0,637.0,7.0,EXCLUDE_EXC,VALID,,,Unresolved activity,True,True,,True,False,False,3
2026-09-08,OBS-01,SEND,637.0,639.0,2.0,REVIEW_SCOPE,VALID,,1.0,Unresolved activity,True,True,,True,False,True,3
2026-09-08,OBS-02,EXC,639.0,641.0,2.0,EXCLUDE_EXC,VALID,,,Unresolved activity,True,True,,True,False,False,3
2026-09-08,OBS-01,SEND,641.0,642.0,1.0,EXCLUDE_AFTERCARE,VALID,,,Unresolved activity,True,True,,True,False,False,3
2026-09-08,OBS-01,OTHER,642.0,646.0,4.0,EXCLUDE_AFTERCARE,VALID,,,Unresolved activity,True,True,,True,False,False,3
2026-09-08,OBS-01,SEND,646.0,650.0,4.0,EXCLUDE_AFTERCARE,VALID,,,Unresolved activity,True,True,,True,False,False,3
2026-09-08,OBS-03,REQ,,,,REVIEW_SCOPE,VALID,,,Unresolved activity,True,True,,False,False,True,3
2026-09-08,OBS-03,CLAR,651.0,653.0,2.0,REVIEW_SCOPE,VALID,,,Unresolved activity,True,True,,True,False,True,3
2026-09-08,OBS-03,PO,653.0,655.0,2.0,REVIEW_SCOPE,VALID,1.0,1.0,"Prepare, amend or release a purchase order",True,True,,True,False,True,3
2026-09-08,OBS-04,SEND,655.0,657.0,2.0,EXCLUDE_LOGISTICS,VALID,,,Unresolved activity,True,True,,True,False,False,3
2026-09-08,OBS-03,SEND,657.0,659.0,2.0,REVIEW_SCOPE,VALID,,,Unresolved activity,True,True,,True,False,True,3
2026-09-08,OBS-05,EXC,659.0,665.0,6.0,EXCLUDE_EXC,VALID,,,Unresolved activity,True,True,,True,False,False,3
2026-09-08,OBS-06,OTHER,666.0,670.0,4.0,REVIEW_SCOPE,VALID,,,Unresolved activity,True,True,,True,False,True,3
2026-09-08,OBS-06,EXC,670.0,677.0,7.0,EXCLUDE_EXC,VALID,,,Unresolved activity,True,True,,True,False,False,3
2026-09-08,OBS-06,SEND,677.0,678.0,1.0,EXCLUDE_AFTERCARE,VALID,,,Unresolved activity,True,True,,True,False,False,3
2026-09-08,OBS-01,SEND,,,,EXCLUDE_AFTERCARE,VALID,,,Unresolved activity,True,True,,False,False,False,3
2026-09-08,OBS-01,PO,678.0,682.0,4.0,EXCLUDE_AFTERCARE,VALID,,,"Prepare, amend or release a purchase order",True,True,,True,False,False,3
2026-09-08,OBS-03,OTHER,682.0,683.0,1.0,REVIEW_SCOPE,VALID,,,Unresolved activity,True,True,,True,False,True,3
2026-09-08,OBS-07,EXC,683.0,685.0,2.0,EXCLUDE_EXC,VALID,,,Unresolved activity,True,True,,True,False,False,3
2026-09-08,OBS-08,REQ,,,,INCLUDE,VALID,,,Unresolved activity,True,True,,False,True,True,3
2026-09-08,OBS-08,CHECK,685.0,688.0,3.0,INCLUDE,VALID,7.0,,Unresolved activity,True,True,,True,True,True,3
2026-09-08,OBS-08,OTHER,688.0,694.0,6.0,INCLUDE,VALID,,,Unresolved activity,True,True,,True,True,True,3
2026-09-08,OBS-09,REQ,,,,INCLUDE,VALID,,,Unresolved activity,True,True,,False,True,True,3
2026-09-08,OBS-09,CLAR,694.0,696.0,2.0,INCLUDE,VALID,,,Unresolved activity,True,True,,True,True,True,3
2026-09-08,OBS-09,OTHER,696.0,700.0,4.0,INCLUDE,VALID,,,Unresolved activity,True,True,,True,True,True,3
2026-09-08,OBS-10,OTHER,700.0,704.0,4.0,EXCLUDE_AFTERCARE,VALID,,,Combined activities,True,True,,True,False,False,3
2026-09-08,OBS-10,PO,704.0,706.0,2.0,EXCLUDE_AFTERCARE,VALID,2.0,,"Prepare, amend or release a purchase order",True,True,,True,False,False,3
2026-09-08,OBS-10,SEND,707.0,709.0,2.0,REVIEW_SCOPE,VALID,,,Unresolved activity,True,True,,True,False,True,3
2026-09-08,OBS-10,OTHER,709.0,710.0,1.0,EXCLUDE_AFTERCARE,VALID,,,"Prepare, amend or release a purchase order",True,True,,True,False,False,3
2026-09-08,OBS-11,PO,711.0,713.0,2.0,INCLUDE,VALID,,,"Assess demand, consolidate and decide order timing",True,True,,True,True,True,3
2026-09-08,OBS-12,PO,715.0,718.0,3.0,INCLUDE,VALID,12.0,,"Assess demand, consolidate and decide order timing",True,True,,True,True,True,3
2026-09-08,OBS-13,PO,718.0,720.0,2.0,INCLUDE,VALID,,,Unresolved activity,True,True,,True,True,True,3
2026-09-08,OBS-14,PO,720.0,722.0,2.0,INCLUDE,VALID,2.0,,Unresolved activity,True,True,,True,True,True,3
2026-09-08,OBS-15,PO,722.0,724.0,2.0,INCLUDE,VALID,2.0,,Unresolved activity,True,True,,True,True,True,3
2026-09-08,OBS-16,PO,724.0,726.0,2.0,INCLUDE,EXCLUDE_CONTAMINATED,,,Unresolved activity,True,True,,True,False,False,3
2026-09-08,OBS-16,PO,726.0,733.0,7.0,INCLUDE,EXCLUDE_CONTAMINATED,,,Unresolved activity,True,True,,True,False,False,3
2026-09-08,OBS-17,PO,734.0,735.0,1.0,INCLUDE,VALID,2.0,,"Prepare, amend or release a purchase order",True,True,,True,True,True,3
2026-09-08,OBS-18,PO,735.0,736.0,1.0,INCLUDE,VALID,,1.0,"Prepare, amend or release a purchase order",True,True,,True,True,True,3
2026-09-08,OBS-19,EXC,736.0,739.0,3.0,EXCLUDE_EXC,VALID,,,Unresolved activity,True,True,,True,False,False,3
2026-09-08,OBS-18,PO,739.0,740.0,1.0,INCLUDE,VALID,5.0,,"Prepare, amend or release a purchase order",True,True,,True,True,True,3
2026-09-08,OBS-20,PO,740.0,741.0,1.0,INCLUDE,VALID,5.0,,"Prepare, amend or release a purchase order",True,True,,True,True,True,3
2026-09-08,OBS-21,PO,741.0,743.0,2.0,INCLUDE,VALID,22.0,,"Prepare, amend or release a purchase order",True,True,,True,True,True,3
2026-09-18,OBS-01,CHECK,630.0,638.0,8.0,INCLUDE,VALID,32.0,1.0,Check and process supplier confirmations,True,False,,True,True,True,4
2026-09-18,OBS-02,REQ,,,,INCLUDE,VALID,,,Unresolved activity,True,True,,False,True,True,4
2026-09-18,OBS-02,CLAR,638.0,643.0,5.0,INCLUDE,VALID,,,Unresolved activity,True,True,,True,True,True,4
2026-09-18,OBS-03,REQ,,,,EXCLUDE_AFTERCARE,VALID,,,Follow up order status or delivery commitments,True,True,,False,False,False,4
2026-09-18,OBS-03,EXC,643.0,646.0,3.0,EXCLUDE_EXC,VALID,,,Follow up order status or delivery commitments,True,True,,True,False,False,4
2026-09-18,OBS-01,CHECK,647.0,652.0,5.0,INCLUDE,VALID,32.0,,Check and process supplier confirmations,True,True,,True,True,True,4
2026-09-18,OBS-01,OTHER,652.0,654.0,2.0,INCLUDE,VALID,,,Check and process supplier confirmations,True,True,,True,True,True,4
2026-09-18,OBS-01,SEND,654.0,656.0,2.0,EXCLUDE_AFTERCARE,VALID,,,Follow up order status or delivery commitments,True,True,,True,False,False,4
2026-09-18,OBS-01 (2026-08-31),UNCLEAR,658.0,659.0,1.0,REVIEW_SCOPE,VALID,,,Unresolved activity,True,True,,True,False,True,4
2026-09-18,OBS-04,REQ,,,,INCLUDE,VALID,,,Receive and complete a defined purchasing request,True,True,,False,True,True,4
2026-09-18,OBS-04,PO,659.0,662.0,3.0,INCLUDE,VALID,,,"Prepare, amend or release a purchase order",True,True,,True,True,True,4
2026-09-18,OBS-04,SEND,,,,INCLUDE,VALID,,,Unresolved activity,True,True,,False,True,True,4
2026-09-18,OBS-05,REQ,,,,EXCLUDE_AFTERCARE,VALID,,,Follow up order status or delivery commitments,True,True,,False,False,False,4
2026-09-18,OBS-05,CLAR,665.0,666.0,1.0,REVIEW_SCOPE,VALID,,1.0,Unresolved activity,True,True,,True,False,True,4
2026-09-18,OBS-06,OTHER,666.0,671.0,5.0,REVIEW_SCOPE,VALID,,,Unresolved activity,True,True,,True,False,True,4
2026-09-18,OBS-06,SEND,,,,REVIEW_SCOPE,VALID,,,Unresolved activity,True,True,,False,False,True,4
2026-09-18,OBS-07,CHECK,671.0,675.0,4.0,INCLUDE,VALID,2.0,,Unresolved activity,True,True,,True,True,True,4
2026-09-18,OBS-08,REQ,,,,EXCLUDE_LOGISTICS,VALID,,,Unresolved activity,True,True,,False,False,False,4
2026-09-18,OBS-08,CLAR,675.0,677.0,2.0,EXCLUDE_LOGISTICS,VALID,,,Unresolved activity,True,True,,True,False,False,4
2026-09-18,OBS-08,CLAR,677.0,679.0,2.0,EXCLUDE_LOGISTICS,VALID,,,Unresolved activity,True,True,,True,False,False,4
2026-09-18,OBS-08,CLAR,679.0,680.0,1.0,EXCLUDE_LOGISTICS,VALID,,,Unresolved activity,True,True,,True,False,False,4
2026-09-18,OBS-08,CLAR,680.0,682.0,2.0,EXCLUDE_LOGISTICS,VALID,,,Unresolved activity,True,True,,True,False,False,4
2026-09-18,OBS-02,OTHER,683.0,685.0,2.0,INCLUDE,VALID,,,Check and process supplier confirmations,True,True,,True,True,True,4
2026-09-18,OBS-05,EXC,685.0,691.0,6.0,EXCLUDE_EXC,VALID,,,Follow up order status or delivery commitments,True,True,,True,False,False,4
2026-09-18,OBS-09,PO,691.0,695.0,4.0,REVIEW_SCOPE,VALID,2.0,,"Prepare, amend or release a purchase order",True,True,,True,False,True,4
2026-09-18,OBS-10,REQ,,,,INCLUDE,VALID,,,Receive and complete a defined purchasing request,True,True,,False,True,True,4
2026-09-18,OBS-10,PO,695.0,702.0,7.0,INCLUDE,VALID,7.0,,Receive and complete a defined purchasing request,True,True,,True,True,True,4
2026-09-18,OBS-10,CLAR,702.0,704.0,2.0,INCLUDE,VALID,,,Receive and complete a defined purchasing request,True,True,,True,True,True,4
2026-09-18,OBS-11,REQ,,,,INCLUDE,VALID,,,Receive and complete a defined purchasing request,True,True,,False,True,True,4
2026-09-18,OBS-11,PO,706.0,708.0,2.0,INCLUDE,VALID,2.0,,"Prepare, amend or release a purchase order",True,True,,True,True,True,4
2026-09-18,OBS-11,CLAR,708.0,712.0,4.0,INCLUDE,VALID,,,Receive and complete a defined purchasing request,True,True,,True,True,True,4
2026-09-18,OBS-13,PO,712.0,715.0,3.0,REVIEW_SCOPE,VALID,3.0,,"Prepare, amend or release a purchase order",True,True,,True,False,True,4
2026-09-18,OBS-13,SEND,716.0,718.0,2.0,REVIEW_SCOPE,VALID,,,Unresolved activity,True,True,,True,False,True,4
2026-09-18,OBS-09,SEND,718.0,719.0,1.0,REVIEW_SCOPE,VALID,,,Unresolved activity,True,True,,True,False,True,4
2026-09-18,OBS-03,EXC,719.0,721.0,2.0,EXCLUDE_EXC,VALID,,,Follow up order status or delivery commitments,True,True,,True,False,False,4
2026-09-18,OBS-03,CHECK,721.0,728.0,7.0,INCLUDE,VALID,5.0,,Check and process supplier confirmations,True,True,,True,True,True,4
2026-09-18,OBS-09,CHECK,728.0,733.0,5.0,INCLUDE,VALID,3.0,,Check and process supplier confirmations,True,True,,True,True,True,4
2026-09-18,OBS-11,CHECK,735.0,737.0,2.0,INCLUDE,VALID,3.0,,Check and process supplier confirmations,True,True,,True,True,True,4
2026-09-18,OBS-12,EXC,737.0,738.0,1.0,EXCLUDE_EXC,VALID,,,Unresolved activity,True,True,,True,False,False,4
2026-09-18,OBS-10,SEND,739.0,741.0,2.0,INCLUDE,UNCERTAIN,,,Unresolved activity,True,True,,True,False,False,4
2026-09-18,OBS-10,CLAR,741.0,745.0,4.0,INCLUDE,VALID,,,Receive and complete a defined purchasing request,True,True,,True,True,True,4
2026-09-18,OBS-14,EXC,788.0,790.0,2.0,EXCLUDE_EXC,VALID,,,Unresolved activity,True,True,,True,False,False,4
2026-09-18,OBS-15,EXC,790.0,792.0,2.0,EXCLUDE_EXC,VALID,,,Unresolved activity,True,True,,True,False,False,4
2026-09-18,OBS-16,REQ,,,,EXCLUDE_AFTERCARE,VALID,,,Follow up order status or delivery commitments,True,True,,False,False,False,4
2026-09-18,OBS-16,EXC,792.0,797.0,5.0,EXCLUDE_EXC,VALID,,1.0,Follow up order status or delivery commitments,True,True,,True,False,False,4
2026-09-18,OBS-17,EXC,797.0,803.0,6.0,EXCLUDE_EXC,VALID,,,Follow up order status or delivery commitments,True,True,,True,False,False,4
2026-09-18,OBS-18,SEND,803.0,806.0,3.0,INCLUDE,VALID,,,Send the purchase order to the supplier,True,True,,True,True,True,4
2026-09-18,OBS-19,CLAR,807.0,817.0,10.0,INCLUDE,VALID,,,"Search for, compare or choose suppliers",True,True,,True,True,True,4
2026-09-18,OBS-19,SEND,,,,INCLUDE,VALID,,,"Search for, compare or choose suppliers",True,True,,False,True,True,4
2026-09-18,OBS-20,SEND,820.0,821.0,1.0,INCLUDE,VALID,,,Send the purchase order to the supplier,True,True,,True,True,True,4
2026-09-18,OBS-21,REQ,,,,INCLUDE,VALID,,,Receive and complete a defined purchasing request,True,True,,False,True,True,4
2026-09-18,OBS-21,PO,822.0,823.0,1.0,INCLUDE,VALID,27.0,,Combined activities,True,True,,True,True,True,4
2026-09-18,OBS-21,CLAR,823.0,824.0,1.0,INCLUDE,VALID,,,Unresolved activity,True,True,,True,True,True,4
2026-09-18,OBS-21,PO,824.0,825.0,1.0,INCLUDE,VALID,27.0,,"Prepare, amend or release a purchase order",True,True,,True,True,True,4
2026-09-18,OBS-21,CLAR,825.0,827.0,2.0,INCLUDE,VALID,27.0,,Receive and complete a defined purchasing request,True,True,,True,True,True,4
2026-09-18,OBS-21,PO,827.0,831.0,4.0,INCLUDE,VALID,29.0,,Combined activities,True,True,,True,True,True,4
2026-09-18,OBS-22,REQ,,,,INCLUDE,VALID,,,Receive and complete a defined purchasing request,True,True,,False,True,True,4
2026-09-18,OBS-22,PO,831.0,832.0,1.0,INCLUDE,VALID,6.0,,Combined activities,True,True,,True,True,True,4
2026-09-18,OBS-22,SEND,836.0,838.0,2.0,INCLUDE,VALID,,,Unresolved activity,True,True,,True,True,True,4
2026-09-18,OBS-23,REQ,,,,INCLUDE,VALID,,,Receive and complete a defined purchasing request,True,True,,False,True,True,4
2026-09-18,OBS-23,PO,832.0,833.0,1.0,INCLUDE,VALID,1.0,,Combined activities,True,True,,True,True,True,4
2026-09-18,OBS-23,SEND,839.0,840.0,1.0,INCLUDE,VALID,,,Unresolved activity,True,True,,True,True,True,4
2026-09-18,OBS-24,REQ,,,,INCLUDE,VALID,,,Receive and complete a defined purchasing request,True,True,,False,True,True,4
2026-09-18,OBS-24,PO,834.0,836.0,2.0,INCLUDE,VALID,4.0,,Combined activities,True,True,,True,True,True,4
2026-09-18,OBS-25,EXC,840.0,841.0,1.0,EXCLUDE_EXC,VALID,,,Unresolved activity,True,True,,True,False,False,4
2026-09-18,OBS-21,CHECK,842.0,862.0,20.0,INCLUDE,VALID,29.0,,Check and correct an order before release,True,True,,True,True,True,4
2026-09-18,OBS-21,OTHER,,,,INCLUDE,VALID,,,Unresolved activity,True,True,,False,True,True,4
2026-09-18,OBS-26,EXC,863.0,866.0,3.0,EXCLUDE_EXC,VALID,,,Unresolved activity,True,True,,True,False,False,4
2026-09-18,OBS-26,EXC,866.0,874.0,8.0,EXCLUDE_EXC,VALID,,,Unresolved activity,True,True,,True,False,False,4
2026-09-18,OBS-27,REQ,,,,EXCLUDE_AFTERCARE,VALID,,,Follow up order status or delivery commitments,True,True,,False,False,False,4
2026-09-18,OBS-27,EXC,876.0,879.0,3.0,EXCLUDE_EXC,VALID,,,Follow up order status or delivery commitments,True,True,,True,False,False,4
2026-09-18,OBS-28,CLAR,881.0,884.0,3.0,INCLUDE,VALID,,,Retrieve purchasing information with unresolved purpose,True,True,,True,True,True,4
2026-09-18,OBS-29,CHECK,884.0,890.0,6.0,INCLUDE,VALID,,,Unresolved activity,True,True,,True,True,True,4
2026-09-18,OBS-29,EXC,890.0,895.0,5.0,EXCLUDE_EXC,VALID,,,Unresolved activity,True,True,,True,False,False,4
2026-09-23,OBS-01,PO,663.0,666.0,3.0,INCLUDE,VALID,4.0,,,False,True,Provisional default.,True,True,True,5
2026-09-23,OBS-02,PO,666.0,670.0,4.0,INCLUDE,VALID,5.0,,,False,True,Provisional default.,True,True,True,5
2026-09-23,OBS-03,PO,670.0,671.0,1.0,INCLUDE,VALID,2.0,,,False,True,Provisional default.,True,True,True,5
2026-09-23,OBS-04,PO,671.0,674.0,3.0,INCLUDE,VALID,16.0,1.0,,False,True,Provisional default.,True,True,True,5
2026-09-23,OBS-04,PO,674.0,675.0,1.0,INCLUDE,VALID,17.0,,,False,True,Provisional default.,True,True,True,5
2026-09-23,OBS-05,PO,675.0,677.0,2.0,INCLUDE,VALID,,,,False,True,Provisional default.,True,True,True,5
2026-09-23,OBS-05,CLAR,677.0,680.0,3.0,INCLUDE,VALID,,,,False,True,Provisional default.,True,True,True,5
2026-09-23,OBS-02,PO,680.0,683.0,3.0,INCLUDE,VALID,8.0,,,False,True,Provisional default.,True,True,True,5
2026-09-23,OBS-06,REQ,,,,INCLUDE,VALID,,,,False,True,Provisional default.,False,True,True,5
2026-09-23,OBS-06,OTHER,683.0,685.0,2.0,REVIEW_SCOPE,VALID,,,,False,True,Client question concerning Dennis; purchasing purpose unclear.,True,False,True,5
2026-09-23,OBS-07,REQ,,,,INCLUDE,VALID,,,,False,True,Provisional default.,False,True,True,5
2026-09-23,OBS-07,EXC,685.0,693.0,8.0,EXCLUDE_EXC,VALID,,,,False,True,EXC family excluded (10 September decision).,True,False,False,5
2026-09-23,OBS-07,EXC,694.0,696.0,2.0,EXCLUDE_EXC,VALID,,,,False,True,EXC family excluded (10 September decision).,True,False,False,5
2026-09-23,OBS-02,PO,696.0,697.0,1.0,INCLUDE,VALID,8.0,,,False,True,Provisional default.,True,True,True,5
2026-09-23,OBS-02,CHECK,697.0,700.0,3.0,INCLUDE,VALID,8.0,,,False,True,Provisional default.,True,True,True,5
2026-09-23,OBS-02,SEND,700.0,701.0,1.0,INCLUDE,VALID,,,,False,True,Provisional default.,True,True,True,5
2026-09-23,OBS-07,EXC,701.0,703.0,2.0,EXCLUDE_EXC,VALID,,,,False,True,EXC family excluded (10 September decision).,True,False,False,5
2026-09-23,OBS-03,PO,702.0,705.0,3.0,INCLUDE,VALID,7.0,,,False,True,Provisional default.,True,True,True,5
2026-09-23,OBS-08,REQ,,,,INCLUDE,VALID,,,,False,True,Provisional default.,False,True,True,5
2026-09-23,OBS-08,CLAR,706.0,709.0,3.0,INCLUDE,VALID,,,,False,True,Provisional default.,True,True,True,5
2026-09-23,OBS-09,OTHER,709.0,721.0,12.0,REVIEW_SCOPE,VALID,,,,False,True,Exact fault resolution; system constraint rather than a purchasing activity.,True,False,True,5
2026-09-23,OBS-08,CLAR,721.0,725.0,4.0,INCLUDE,VALID,,,,False,True,Provisional default.,True,True,True,5
2026-09-23,OBS-08,PO,725.0,726.0,1.0,INCLUDE,VALID,,,,False,True,Provisional default.,True,True,True,5
2026-09-23,OBS-08,SEND,,,,INCLUDE,VALID,,,,False,True,Provisional default.,False,True,True,5
2026-09-23,OBS-01,SEND,729.0,730.0,1.0,INCLUDE,VALID,,,,False,True,Provisional default.,True,True,True,5
2026-09-23,OBS-03,SEND,730.0,731.0,1.0,INCLUDE,VALID,,,,False,True,Provisional default.,True,True,True,5
2026-09-23,OBS-10,EXC,733.0,735.0,2.0,EXCLUDE_EXC,VALID,,,,False,True,EXC family excluded (10 September decision).,True,False,False,5
2026-09-23,OBS-11,REQ,,,,INCLUDE,VALID,,,,False,True,Provisional default.,False,True,True,5
2026-09-23,OBS-11,CLAR,735.0,736.0,1.0,INCLUDE,VALID,,,,False,True,Provisional default.,True,True,True,5
2026-09-23,OBS-10,EXC,736.0,738.0,2.0,EXCLUDE_EXC,VALID,,,,False,True,EXC family excluded (10 September decision).,True,False,False,5
2026-09-23,OBS-11,CLAR,738.0,741.0,3.0,INCLUDE,VALID,,,,False,True,Provisional default.,True,True,True,5
2026-09-23,OBS-12,REQ,,,,INCLUDE,VALID,,,,False,True,Provisional default.,False,True,True,5
2026-09-23,OBS-12,PO,741.0,746.0,5.0,INCLUDE,VALID,2.0,,,False,True,Provisional default.,True,True,True,5
2026-09-23,OBS-12,CLAR,746.0,751.0,5.0,INCLUDE,VALID,,,,False,True,Provisional default.,True,True,True,5
2026-09-23,OBS-13,OTHER,782.0,785.0,3.0,INCLUDE,VALID,,,,False,True,Provisional default.,True,True,True,5
2026-09-23,OBS-12,CLAR,785.0,788.0,3.0,INCLUDE,VALID,,,,False,True,Provisional default.,True,True,True,5
2026-09-23,OBS-14,REQ,,,,INCLUDE,VALID,,,,False,True,Provisional default.,False,True,True,5
2026-09-23,OBS-14,CLAR,788.0,793.0,5.0,INCLUDE,VALID,,,,False,True,Provisional default.,True,True,True,5
2026-09-23,OBS-14,PO,793.0,797.0,4.0,INCLUDE,VALID,5.0,,,False,True,Provisional default.,True,True,True,5
2026-09-23,OBS-14,CLAR,797.0,798.0,1.0,INCLUDE,VALID,,,,False,True,Provisional default.,True,True,True,5
2026-09-23,OBS-14,SEND,899.0,900.0,1.0,INCLUDE,VALID,,,,False,True,Provisional default.,True,True,True,5
2026-09-23,OBS-12,SEND,798.0,800.0,2.0,INCLUDE,VALID,,,,False,True,Provisional default.,True,True,True,5
2026-09-23,OBS-15,REQ,,,,INCLUDE,VALID,,,,False,True,Provisional default.,False,True,True,5
2026-09-23,OBS-07,EXC,800.0,804.0,4.0,EXCLUDE_EXC,VALID,,,,False,True,EXC family excluded (10 September decision).,True,False,False,5
2026-09-23,OBS-15,PO,804.0,806.0,2.0,INCLUDE,VALID,1.0,,,False,True,Provisional default.,True,True,True,5
2026-09-23,OBS-15,CHECK,806.0,808.0,2.0,INCLUDE,VALID,,,,False,True,Provisional default.,True,True,True,5
2026-09-23,OBS-15,OTHER,808.0,810.0,2.0,INCLUDE,VALID,,,,False,True,Provisional default.,True,True,True,5
2026-09-23,OBS-15,CLAR,810.0,817.0,7.0,INCLUDE,VALID,,,,False,True,Provisional default.,True,True,True,5
2026-09-23,OBS-16,REQ,,,,INCLUDE,VALID,,,,False,True,Provisional default.,False,True,True,5
2026-09-23,OBS-16,CLAR,817.0,822.0,5.0,REVIEW_SCOPE,VALID,,,,False,True,Desk request that became the excluded missing-item trace; CLAR purpose unclear.,True,False,True,5
2026-09-23,OBS-16,EXC,822.0,864.0,42.0,EXCLUDE_EXC,VALID,,,,False,True,EXC family excluded (10 September decision).,True,False,False,5
2026-09-23,OBS-17,EXC,864.0,866.0,2.0,EXCLUDE_EXC,VALID,,,,False,True,EXC family excluded (10 September decision).,True,False,False,5
2026-09-23,OBS-17,REQ,,,,INCLUDE,VALID,,,,False,True,Provisional default.,False,True,True,5
2026-09-23,OBS-17,CLAR,880.0,887.0,7.0,INCLUDE,VALID,,,,False,True,Provisional default.,True,True,True,5
2026-09-23,OBS-18,SEND,887.0,889.0,2.0,EXCLUDE_LOGISTICS,VALID,,,,False,True,Case note: asking the transport company about next week's timing.,True,False,False,5
2026-09-23,OBS-18,EXC,890.0,892.0,2.0,EXCLUDE_EXC,VALID,,,,False,True,EXC family excluded (10 September decision).,True,False,False,5
2026-09-23,OBS-19,PO,892.0,897.0,5.0,INCLUDE,VALID,14.0,,,False,True,Provisional default.,True,True,True,5
2026-09-23,OBS-19,SEND,897.0,899.0,2.0,INCLUDE,VALID,,,,False,True,Provisional default.,True,True,True,5
