Date,Session,Source row,Case,Original family or pilot Task IDs,Analytical activity,Activity confidence,Purchasing stage,Stage confidence,Scope,Quality,Included exact minutes,Recorded exact activity minutes,Timing status,Start as recorded,End as recorded,Volume as recorded,INT as recorded,DEC as recorded,Source note,Combined components,Current Task IDs,Register status and confidence,Assignment reason,Existing enrichment rationale,Stage correction on 21 Sep,Actor,Original label type,Original pilot status,Original time field,Original volume INT field,Original recorded eligible text,Source reference,Source file,Source URL,Source commit,Framework version,Raw row verbatim,Raw fields JSON,Row key,Family,Eligible row,Eligible timed row,Analysis minutes,Decision marker positive,INT explicit numeric,Recorded line count,Linked observed case,Dated case reference,Reviewed Analytical activity,Reviewed Activity confidence,Reviewed Purchasing stage,Reviewed Stage confidence,Reviewed Combined components,Reviewed Current Task IDs,Reviewed Register status and confidence,Enrichment reviewed on,Enrichment status,Additional evidence,Recorded clock interval minutes,Concurrent overlap minutes,Classification limitation,Source raw SHA256
2026-09-23,Baseline,1,OBS-01,PO,"Prepare, amend or release a purchase order",C,Ordering,C,INCLUDE,VALID,3,3,Exact recorded interval,11:03,11:06,4L,/,/,Generate the PO and perform Verrichten.,,17;19,Mapped / P,PO generation and Verrichten are explicitly observed. Broad preparation/release is clear; exact register coverage remains provisional and no separate authorization check or Fiatteren is inferred.,,,Arno,live_family,,,,,1: OBS-01; 11:03 to 11:06,docs/measurement/Measure_Observation_2026-09-23.md,https://github.com/Luuuuuig/Bachelor-End-Project/blob/f39fced7a0f317cc9aa9b7af4e9f1bee79d9c9af/docs/measurement/Measure_Observation_2026-09-23.md,f39fced7a0f317cc9aa9b7af4e9f1bee79d9c9af,2026-09-21,| OBS-01 | PO | 11:03 | 11:06 | 4L | / | / | Generate the PO and perform Verrichten. |,"{""Case"": ""OBS-01"", ""Activity"": ""PO"", ""Start"": ""11:03"", ""End"": ""11:06"", ""Volume"": ""4L"", ""INT"": ""/"", ""DEC?"": ""/"", ""Note"": ""Generate the PO and perform Verrichten.""}",2026-09-23 / row 1,PO,1,1,3,0,,4,2026-09-23 / OBS-01,2026-09-23 / OBS-01,"Prepare, amend or release a purchase order",C,Ordering,C,,17;19,Mapped / P,2026-09-25,Reviewed; retain explicit uncertainties,,3,,,a9c7f8ddc98192b4c45ec4e9f2a63c10bc06bc3c7b81b661a4295824dcbfd260
2026-09-23,Baseline,2,OBS-02,PO,"Prepare, amend or release a purchase order",C,Ordering,C,INCLUDE,VALID,4,4,Exact recorded interval,11:06,11:10,5L,/,/,Four lines added to an existing PO.,,17,Mapped / P,"Four lines added to an existing PO. This supports amendment/completion, not an inferred MAX search, approval, dispatch or aftercare activity.",,,Arno,live_family,,,,,2: OBS-02; 11:06 to 11:10,docs/measurement/Measure_Observation_2026-09-23.md,https://github.com/Luuuuuig/Bachelor-End-Project/blob/f39fced7a0f317cc9aa9b7af4e9f1bee79d9c9af/docs/measurement/Measure_Observation_2026-09-23.md,f39fced7a0f317cc9aa9b7af4e9f1bee79d9c9af,2026-09-21,| OBS-02 | PO | 11:06 | 11:10 | 5L | / | / | Four lines added to an existing PO. |,"{""Case"": ""OBS-02"", ""Activity"": ""PO"", ""Start"": ""11:06"", ""End"": ""11:10"", ""Volume"": ""5L"", ""INT"": ""/"", ""DEC?"": ""/"", ""Note"": ""Four lines added to an existing PO.""}",2026-09-23 / row 2,PO,1,1,4,0,,5,2026-09-23 / OBS-02,2026-09-23 / OBS-02,"Prepare, amend or release a purchase order",C,Ordering,C,,17,Mapped / P,2026-09-25,Reviewed; retain explicit uncertainties,,4,,,a9c7f8ddc98192b4c45ec4e9f2a63c10bc06bc3c7b81b661a4295824dcbfd260
2026-09-23,Baseline,3,OBS-03,PO,"Prepare, amend or release a purchase order",C,Ordering,C,INCLUDE,VALID,1,1,Exact recorded interval,11:10,11:11,2L,/,/,One line added to an existing PO.,,17,Mapped / P,"One line added to an existing PO. This supports amendment/completion, not an inferred MAX search, approval, dispatch or aftercare activity.",,,Arno,live_family,,,,,3: OBS-03; 11:10 to 11:11,docs/measurement/Measure_Observation_2026-09-23.md,https://github.com/Luuuuuig/Bachelor-End-Project/blob/f39fced7a0f317cc9aa9b7af4e9f1bee79d9c9af/docs/measurement/Measure_Observation_2026-09-23.md,f39fced7a0f317cc9aa9b7af4e9f1bee79d9c9af,2026-09-21,| OBS-03 | PO | 11:10 | 11:11 | 2L | / | / | One line added to an existing PO. |,"{""Case"": ""OBS-03"", ""Activity"": ""PO"", ""Start"": ""11:10"", ""End"": ""11:11"", ""Volume"": ""2L"", ""INT"": ""/"", ""DEC?"": ""/"", ""Note"": ""One line added to an existing PO.""}",2026-09-23 / row 3,PO,1,1,1,0,,2,2026-09-23 / OBS-03,2026-09-23 / OBS-03,"Prepare, amend or release a purchase order",C,Ordering,C,,17,Mapped / P,2026-09-25,Reviewed; retain explicit uncertainties,,1,,,a9c7f8ddc98192b4c45ec4e9f2a63c10bc06bc3c7b81b661a4295824dcbfd260
2026-09-23,Baseline,4,OBS-04,PO,"Prepare, amend or release a purchase order",C,Ordering,C,INCLUDE,VALID,3,3,Exact recorded interval,11:11,11:14,16L,1,/,Arno was asked a question but continued working. One line added to the original 15 lines.,,17,Mapped / P,"One line added to fifteen original lines. This supports amendment/completion, not an inferred MAX search, approval, dispatch or aftercare activity.",,,Arno,live_family,,,,,4: OBS-04; 11:11 to 11:14,docs/measurement/Measure_Observation_2026-09-23.md,https://github.com/Luuuuuig/Bachelor-End-Project/blob/f39fced7a0f317cc9aa9b7af4e9f1bee79d9c9af/docs/measurement/Measure_Observation_2026-09-23.md,f39fced7a0f317cc9aa9b7af4e9f1bee79d9c9af,2026-09-21,| OBS-04 | PO | 11:11 | 11:14 | 16L | 1 | / | Arno was asked a question but continued working. One line added to the original 15 lines. |,"{""Case"": ""OBS-04"", ""Activity"": ""PO"", ""Start"": ""11:11"", ""End"": ""11:14"", ""Volume"": ""16L"", ""INT"": ""1"", ""DEC?"": ""/"", ""Note"": ""Arno was asked a question but continued working. One line added to the original 15 lines.""}",2026-09-23 / row 4,PO,1,1,3,0,1,16,2026-09-23 / OBS-04,2026-09-23 / OBS-04,"Prepare, amend or release a purchase order",C,Ordering,C,,17,Mapped / P,2026-09-25,Reviewed; retain explicit uncertainties,,3,,,a9c7f8ddc98192b4c45ec4e9f2a63c10bc06bc3c7b81b661a4295824dcbfd260
2026-09-23,Baseline,5,OBS-04,PO,"Prepare, amend or release a purchase order",C,Ordering,C,INCLUDE,VALID,1,1,Exact recorded interval,11:14,11:15,17L,/,/,One more line added.,,17,Mapped / P,"One further line added. This supports amendment/completion, not an inferred MAX search, approval, dispatch or aftercare activity.",,,Arno,live_family,,,,,5: OBS-04; 11:14 to 11:15,docs/measurement/Measure_Observation_2026-09-23.md,https://github.com/Luuuuuig/Bachelor-End-Project/blob/f39fced7a0f317cc9aa9b7af4e9f1bee79d9c9af/docs/measurement/Measure_Observation_2026-09-23.md,f39fced7a0f317cc9aa9b7af4e9f1bee79d9c9af,2026-09-21,| OBS-04 | PO | 11:14 | 11:15 | 17L | / | / | One more line added. |,"{""Case"": ""OBS-04"", ""Activity"": ""PO"", ""Start"": ""11:14"", ""End"": ""11:15"", ""Volume"": ""17L"", ""INT"": ""/"", ""DEC?"": ""/"", ""Note"": ""One more line added.""}",2026-09-23 / row 5,PO,1,1,1,0,,17,2026-09-23 / OBS-04,2026-09-23 / OBS-04,"Prepare, amend or release a purchase order",C,Ordering,C,,17,Mapped / P,2026-09-25,Reviewed; retain explicit uncertainties,,1,,,a9c7f8ddc98192b4c45ec4e9f2a63c10bc06bc3c7b81b661a4295824dcbfd260
2026-09-23,Baseline,6,OBS-05,PO,"Prepare, amend or release a purchase order",P,Ordering,P,INCLUDE,VALID,2,2,Exact recorded interval,11:15,11:17,/,/,/,/,,17,Mapped / P,Only the timed PO family is recorded. Retain probable order preparation without asserting a detailed action or completed order; no excluded purpose is evidenced.,,,Arno,live_family,,,,,6: OBS-05; 11:15 to 11:17,docs/measurement/Measure_Observation_2026-09-23.md,https://github.com/Luuuuuig/Bachelor-End-Project/blob/f39fced7a0f317cc9aa9b7af4e9f1bee79d9c9af/docs/measurement/Measure_Observation_2026-09-23.md,f39fced7a0f317cc9aa9b7af4e9f1bee79d9c9af,2026-09-21,| OBS-05 | PO | 11:15 | 11:17 | / | / | / | / |,"{""Case"": ""OBS-05"", ""Activity"": ""PO"", ""Start"": ""11:15"", ""End"": ""11:17"", ""Volume"": ""/"", ""INT"": ""/"", ""DEC?"": ""/"", ""Note"": ""/""}",2026-09-23 / row 6,PO,1,1,2,0,,,2026-09-23 / OBS-05,2026-09-23 / OBS-05,"Prepare, amend or release a purchase order",P,Ordering,P,,17,Mapped / P,2026-09-25,Reviewed; retain explicit uncertainties,,2,,,a9c7f8ddc98192b4c45ec4e9f2a63c10bc06bc3c7b81b661a4295824dcbfd260
2026-09-23,Baseline,7,OBS-05,CLAR,Unresolved activity,?,Ordering,P,INCLUDE,VALID,3,3,Exact recorded interval,11:17,11:20,/,/,/,/,,unassigned,Unresolved / ?,"The blank CLAR follows same-case PO work, suggesting ordering provisionally. Its question and action are unspecified; do not infer requirement definition or document completion.",,,Arno,live_family,,,,,7: OBS-05; 11:17 to 11:20,docs/measurement/Measure_Observation_2026-09-23.md,https://github.com/Luuuuuig/Bachelor-End-Project/blob/f39fced7a0f317cc9aa9b7af4e9f1bee79d9c9af/docs/measurement/Measure_Observation_2026-09-23.md,f39fced7a0f317cc9aa9b7af4e9f1bee79d9c9af,2026-09-21,| OBS-05 | CLAR | 11:17 | 11:20 | / | / | / | / |,"{""Case"": ""OBS-05"", ""Activity"": ""CLAR"", ""Start"": ""11:17"", ""End"": ""11:20"", ""Volume"": ""/"", ""INT"": ""/"", ""DEC?"": ""/"", ""Note"": ""/""}",2026-09-23 / row 7,CLAR,1,1,3,0,,,2026-09-23 / OBS-05,2026-09-23 / OBS-05,Unresolved activity,?,Ordering,P,,unassigned,Unresolved / ?,2026-09-25,Reviewed; retain explicit uncertainties,,3,,,a9c7f8ddc98192b4c45ec4e9f2a63c10bc06bc3c7b81b661a4295824dcbfd260
2026-09-23,Baseline,8,OBS-02,PO,"Prepare, amend or release a purchase order",C,Ordering,C,INCLUDE,VALID,3,3,Exact recorded interval,11:20,11:23,8L,/,/,Three lines added; additional handwritten text is unclear (TUB?).,,17,Mapped / P,"Three lines added to the same PO; unclear TUB text supplies no additional action. This supports amendment/completion, not an inferred MAX search, approval, dispatch or aftercare activity.",,,Arno,live_family,,,,,8: OBS-02; 11:20 to 11:23,docs/measurement/Measure_Observation_2026-09-23.md,https://github.com/Luuuuuig/Bachelor-End-Project/blob/f39fced7a0f317cc9aa9b7af4e9f1bee79d9c9af/docs/measurement/Measure_Observation_2026-09-23.md,f39fced7a0f317cc9aa9b7af4e9f1bee79d9c9af,2026-09-21,| OBS-02 | PO | 11:20 | 11:23 | 8L | / | / | Three lines added; additional handwritten text is unclear (TUB?). |,"{""Case"": ""OBS-02"", ""Activity"": ""PO"", ""Start"": ""11:20"", ""End"": ""11:23"", ""Volume"": ""8L"", ""INT"": ""/"", ""DEC?"": ""/"", ""Note"": ""Three lines added; additional handwritten text is unclear (TUB?).""}",2026-09-23 / row 8,PO,1,1,3,0,,8,2026-09-23 / OBS-02,2026-09-23 / OBS-02,"Prepare, amend or release a purchase order",C,Ordering,C,,17,Mapped / P,2026-09-25,Reviewed; retain explicit uncertainties,,3,,,a9c7f8ddc98192b4c45ec4e9f2a63c10bc06bc3c7b81b661a4295824dcbfd260
2026-09-23,Baseline,9,OBS-06,REQ-phone,Unresolved activity,?,Unresolved stage,?,REVIEW_SCOPE,VALID,,,Untimed,,/,/,/,/,,,unassigned,Unresolved / ?,"Phone intake leads to a client question concerning Dennis, but the purchasing purpose is not recorded. Routine purchasing versus other coordination is unresolved; duration remains missing.",,,Arno,live_family,,,,,9: OBS-06; untimed,docs/measurement/Measure_Observation_2026-09-23.md,https://github.com/Luuuuuig/Bachelor-End-Project/blob/f39fced7a0f317cc9aa9b7af4e9f1bee79d9c9af/docs/measurement/Measure_Observation_2026-09-23.md,f39fced7a0f317cc9aa9b7af4e9f1bee79d9c9af,2026-09-21,| OBS-06 | REQ-phone | | / | / | / | / | |,"{""Case"": ""OBS-06"", ""Activity"": ""REQ-phone"", ""Start"": """", ""End"": ""/"", ""Volume"": ""/"", ""INT"": ""/"", ""DEC?"": ""/"", ""Note"": """"}",2026-09-23 / row 9,REQ,0,0,,0,,,2026-09-23 / OBS-06,2026-09-23 / OBS-06,Unresolved activity,?,Unresolved stage,?,,unassigned,Unresolved / ?,2026-09-25,Reviewed; retain explicit uncertainties,,,,Scope requires observer clarification,a9c7f8ddc98192b4c45ec4e9f2a63c10bc06bc3c7b81b661a4295824dcbfd260
2026-09-23,Baseline,10,OBS-06,OTHER,Unresolved activity,?,Unresolved stage,?,REVIEW_SCOPE,VALID,,2,Exact recorded interval,11:23,11:25,/,/,/,A client asked Arno something concerning Dennis.,,unassigned,Unresolved / ?,"A client asked something concerning Dennis. The subject and purchasing relevance are unspecified, so preserve the two recorded minutes under scope review rather than inventing a task.",,,Arno,live_family,,,,,10: OBS-06; 11:23 to 11:25,docs/measurement/Measure_Observation_2026-09-23.md,https://github.com/Luuuuuig/Bachelor-End-Project/blob/f39fced7a0f317cc9aa9b7af4e9f1bee79d9c9af/docs/measurement/Measure_Observation_2026-09-23.md,f39fced7a0f317cc9aa9b7af4e9f1bee79d9c9af,2026-09-21,| OBS-06 | OTHER | 11:23 | 11:25 | / | / | / | A client asked Arno something concerning Dennis. |,"{""Case"": ""OBS-06"", ""Activity"": ""OTHER"", ""Start"": ""11:23"", ""End"": ""11:25"", ""Volume"": ""/"", ""INT"": ""/"", ""DEC?"": ""/"", ""Note"": ""A client asked Arno something concerning Dennis.""}",2026-09-23 / row 10,OTHER,0,0,,0,,,2026-09-23 / OBS-06,2026-09-23 / OBS-06,Unresolved activity,?,Unresolved stage,?,,unassigned,Unresolved / ?,2026-09-25,Reviewed; retain explicit uncertainties,,2,,Scope requires observer clarification,a9c7f8ddc98192b4c45ec4e9f2a63c10bc06bc3c7b81b661a4295824dcbfd260
2026-09-23,Baseline,11,OBS-07,REQ-phone,Unresolved activity,?,Unresolved stage,?,REVIEW_SCOPE,VALID,,,Untimed,/,/,/,/,/,,,unassigned,Unresolved / ?,Phone intake precedes an EXC-coded service-order question. The intake purpose is not itself specified; review its link to excluded handling instead of treating it as new demand.,,,Arno,live_family,,,,,11: OBS-07; untimed,docs/measurement/Measure_Observation_2026-09-23.md,https://github.com/Luuuuuig/Bachelor-End-Project/blob/f39fced7a0f317cc9aa9b7af4e9f1bee79d9c9af/docs/measurement/Measure_Observation_2026-09-23.md,f39fced7a0f317cc9aa9b7af4e9f1bee79d9c9af,2026-09-21,| OBS-07 | REQ-phone | / | / | / | / | / | |,"{""Case"": ""OBS-07"", ""Activity"": ""REQ-phone"", ""Start"": ""/"", ""End"": ""/"", ""Volume"": ""/"", ""INT"": ""/"", ""DEC?"": ""/"", ""Note"": """"}",2026-09-23 / row 11,REQ,0,0,,0,,,2026-09-23 / OBS-07,2026-09-23 / OBS-07,Unresolved activity,?,Unresolved stage,?,,unassigned,Unresolved / ?,2026-09-25,Reviewed; retain explicit uncertainties,,,,Scope requires observer clarification,a9c7f8ddc98192b4c45ec4e9f2a63c10bc06bc3c7b81b661a4295824dcbfd260
2026-09-23,Baseline,12,OBS-07,EXC,Unresolved activity,?,Unresolved stage,?,EXCLUDE_EXC,VALID,,8,Exact recorded interval,11:25,11:33,/,/,/,Germaine asked about a service order.,,unassigned,Unresolved / ?,A service-order question is recorded under original EXC. Preserve the exclusion; neither normal service purchasing nor a particular aftercare stage is established.,,,Arno,live_family,,,,,12: OBS-07; 11:25 to 11:33,docs/measurement/Measure_Observation_2026-09-23.md,https://github.com/Luuuuuig/Bachelor-End-Project/blob/f39fced7a0f317cc9aa9b7af4e9f1bee79d9c9af/docs/measurement/Measure_Observation_2026-09-23.md,f39fced7a0f317cc9aa9b7af4e9f1bee79d9c9af,2026-09-21,| OBS-07 | EXC | 11:25 | 11:33 | / | / | / | Germaine asked about a service order. |,"{""Case"": ""OBS-07"", ""Activity"": ""EXC"", ""Start"": ""11:25"", ""End"": ""11:33"", ""Volume"": ""/"", ""INT"": ""/"", ""DEC?"": ""/"", ""Note"": ""Germaine asked about a service order.""}",2026-09-23 / row 12,EXC,0,0,,0,,,2026-09-23 / OBS-07,2026-09-23 / OBS-07,Unresolved activity,?,Unresolved stage,?,,unassigned,Unresolved / ?,2026-09-25,Reviewed; retain explicit uncertainties,,8,,,a9c7f8ddc98192b4c45ec4e9f2a63c10bc06bc3c7b81b661a4295824dcbfd260
2026-09-23,Baseline,13,OBS-07,EXC,Unresolved activity,?,Unresolved stage,?,EXCLUDE_EXC,VALID,,2,Exact recorded interval,11:34,11:36,/,/,/,/,,unassigned,Unresolved / ?,Original EXC and blank subtype remain unchanged. Same-case context does not establish the particular question or purchasing stage.,,,Arno,live_family,,,,,13: OBS-07; 11:34 to 11:36,docs/measurement/Measure_Observation_2026-09-23.md,https://github.com/Luuuuuig/Bachelor-End-Project/blob/f39fced7a0f317cc9aa9b7af4e9f1bee79d9c9af/docs/measurement/Measure_Observation_2026-09-23.md,f39fced7a0f317cc9aa9b7af4e9f1bee79d9c9af,2026-09-21,| OBS-07 | EXC | 11:34 | 11:36 | / | / | / | / |,"{""Case"": ""OBS-07"", ""Activity"": ""EXC"", ""Start"": ""11:34"", ""End"": ""11:36"", ""Volume"": ""/"", ""INT"": ""/"", ""DEC?"": ""/"", ""Note"": ""/""}",2026-09-23 / row 13,EXC,0,0,,0,,,2026-09-23 / OBS-07,2026-09-23 / OBS-07,Unresolved activity,?,Unresolved stage,?,,unassigned,Unresolved / ?,2026-09-25,Reviewed; retain explicit uncertainties,,2,,,a9c7f8ddc98192b4c45ec4e9f2a63c10bc06bc3c7b81b661a4295824dcbfd260
2026-09-23,Baseline,14,OBS-02,PO,"Prepare, amend or release a purchase order",P,Ordering,P,INCLUDE,VALID,1,1,Exact recorded interval,11:36,11:37,8L,/,/,Enter information on a website.,,unassigned,Unresolved / ?,Entering information on a website occurs within this order-preparation case before pre-control. Broad order preparation is provisional; the website fields and exact register task are unknown.,,,Arno,live_family,,,,,14: OBS-02; 11:36 to 11:37,docs/measurement/Measure_Observation_2026-09-23.md,https://github.com/Luuuuuig/Bachelor-End-Project/blob/f39fced7a0f317cc9aa9b7af4e9f1bee79d9c9af/docs/measurement/Measure_Observation_2026-09-23.md,f39fced7a0f317cc9aa9b7af4e9f1bee79d9c9af,2026-09-21,| OBS-02 | PO | 11:36 | 11:37 | 8L | / | / | Enter information on a website. |,"{""Case"": ""OBS-02"", ""Activity"": ""PO"", ""Start"": ""11:36"", ""End"": ""11:37"", ""Volume"": ""8L"", ""INT"": ""/"", ""DEC?"": ""/"", ""Note"": ""Enter information on a website.""}",2026-09-23 / row 14,PO,1,1,1,0,,8,2026-09-23 / OBS-02,2026-09-23 / OBS-02,"Prepare, amend or release a purchase order",P,Ordering,P,,unassigned,Unresolved / ?,2026-09-25,Reviewed; retain explicit uncertainties,,1,,,a9c7f8ddc98192b4c45ec4e9f2a63c10bc06bc3c7b81b661a4295824dcbfd260
2026-09-23,Baseline,15,OBS-02,CHECK,Check and correct an order before release,C,Ordering,C,INCLUDE,VALID,3,3,Exact recorded interval,11:37,11:40,8L,/,/,Pre-control.,,unassigned,Unresolved / ?,"Pre-control is explicit. Classify the control point, but do not infer the checked field, price comparison, supplier-confirmation comparison or correction.",,,Arno,live_family,,,,,15: OBS-02; 11:37 to 11:40,docs/measurement/Measure_Observation_2026-09-23.md,https://github.com/Luuuuuig/Bachelor-End-Project/blob/f39fced7a0f317cc9aa9b7af4e9f1bee79d9c9af/docs/measurement/Measure_Observation_2026-09-23.md,f39fced7a0f317cc9aa9b7af4e9f1bee79d9c9af,2026-09-21,| OBS-02 | CHECK | 11:37 | 11:40 | 8L | / | / | Pre-control. |,"{""Case"": ""OBS-02"", ""Activity"": ""CHECK"", ""Start"": ""11:37"", ""End"": ""11:40"", ""Volume"": ""8L"", ""INT"": ""/"", ""DEC?"": ""/"", ""Note"": ""Pre-control.""}",2026-09-23 / row 15,CHECK,1,1,3,0,,8,2026-09-23 / OBS-02,2026-09-23 / OBS-02,Check and correct an order before release,C,Ordering,C,,unassigned,Unresolved / ?,2026-09-25,Reviewed; retain explicit uncertainties,,3,,,a9c7f8ddc98192b4c45ec4e9f2a63c10bc06bc3c7b81b661a4295824dcbfd260
2026-09-23,Baseline,16,OBS-02,SEND,Unresolved activity,?,Ordering,P,INCLUDE,VALID,1,1,Exact recorded interval,11:40,11:41,/,/,/,/,,unassigned,Unresolved / ?,"Blank SEND follows PO pre-control. Ordering context is provisional, but document, recipient and purpose are unspecified; Task 23 and supplier-PO sending are not established.",,,Arno,live_family,,,,,16: OBS-02; 11:40 to 11:41,docs/measurement/Measure_Observation_2026-09-23.md,https://github.com/Luuuuuig/Bachelor-End-Project/blob/f39fced7a0f317cc9aa9b7af4e9f1bee79d9c9af/docs/measurement/Measure_Observation_2026-09-23.md,f39fced7a0f317cc9aa9b7af4e9f1bee79d9c9af,2026-09-21,| OBS-02 | SEND | 11:40 | 11:41 | / | / | / | / |,"{""Case"": ""OBS-02"", ""Activity"": ""SEND"", ""Start"": ""11:40"", ""End"": ""11:41"", ""Volume"": ""/"", ""INT"": ""/"", ""DEC?"": ""/"", ""Note"": ""/""}",2026-09-23 / row 16,SEND,1,1,1,0,,,2026-09-23 / OBS-02,2026-09-23 / OBS-02,Unresolved activity,?,Ordering,P,,unassigned,Unresolved / ?,2026-09-25,Reviewed; retain explicit uncertainties,,1,,,a9c7f8ddc98192b4c45ec4e9f2a63c10bc06bc3c7b81b661a4295824dcbfd260
2026-09-23,Baseline,17,OBS-07,EXC,Unresolved activity,?,Unresolved stage,?,EXCLUDE_EXC,VALID,,2,Concurrent recorded interval; scope excluded,11:41,11:43,/,/,/,Attempt to call Germaine.,,unassigned,Unresolved / ?,An attempted call to Germaine is explicit within the EXC case. The conversation purpose is not specified. Its two-minute recorded interval overlaps the PO interval by one minute.,,,Arno,live_family,,,,,17: OBS-07; 11:41 to 11:43,docs/measurement/Measure_Observation_2026-09-23.md,https://github.com/Luuuuuig/Bachelor-End-Project/blob/f39fced7a0f317cc9aa9b7af4e9f1bee79d9c9af/docs/measurement/Measure_Observation_2026-09-23.md,f39fced7a0f317cc9aa9b7af4e9f1bee79d9c9af,2026-09-21,| OBS-07 | EXC | 11:41 | 11:43 | / | / | / | Attempt to call Germaine. |,"{""Case"": ""OBS-07"", ""Activity"": ""EXC"", ""Start"": ""11:41"", ""End"": ""11:43"", ""Volume"": ""/"", ""INT"": ""/"", ""DEC?"": ""/"", ""Note"": ""Attempt to call Germaine.""}",2026-09-23 / row 17,EXC,0,0,,0,,,2026-09-23 / OBS-07,2026-09-23 / OBS-07,Unresolved activity,?,Unresolved stage,?,,unassigned,Unresolved / ?,2026-09-25,Reviewed; retain explicit uncertainties,Yijie confirmed simultaneous activities; supervisor-directed full concurrent duration convention confirmed in conversation on 25 September 2026.,2,1,,a9c7f8ddc98192b4c45ec4e9f2a63c10bc06bc3c7b81b661a4295824dcbfd260
2026-09-23,Baseline,18,OBS-03,PO,"Prepare, amend or release a purchase order",C,Ordering,C,INCLUDE,VALID,3,3,Concurrent recorded activity interval; full duration included,11:42,11:45,7L,/,/,Five lines added.,,17,Mapped / P,"Five lines added; all three recorded minutes are retained under the supervisor-directed concurrent-activity convention, with one concurrent minute flagged separately. This supports amendment/completion, not an inferred MAX search, approval, dispatch or aftercare activity.",,,Arno,live_family,,,,,18: OBS-03; 11:42 to 11:45,docs/measurement/Measure_Observation_2026-09-23.md,https://github.com/Luuuuuig/Bachelor-End-Project/blob/f39fced7a0f317cc9aa9b7af4e9f1bee79d9c9af/docs/measurement/Measure_Observation_2026-09-23.md,f39fced7a0f317cc9aa9b7af4e9f1bee79d9c9af,2026-09-21,| OBS-03 | PO | 11:42 | 11:45 | 7L | / | / | Five lines added. |,"{""Case"": ""OBS-03"", ""Activity"": ""PO"", ""Start"": ""11:42"", ""End"": ""11:45"", ""Volume"": ""7L"", ""INT"": ""/"", ""DEC?"": ""/"", ""Note"": ""Five lines added.""}",2026-09-23 / row 18,PO,1,1,3,0,,7,2026-09-23 / OBS-03,2026-09-23 / OBS-03,"Prepare, amend or release a purchase order",C,Ordering,C,,17,Mapped / P,2026-09-25,Reviewed; retain explicit uncertainties,Yijie confirmed simultaneous activities; supervisor-directed full concurrent duration convention confirmed in conversation on 25 September 2026.,3,1,,a9c7f8ddc98192b4c45ec4e9f2a63c10bc06bc3c7b81b661a4295824dcbfd260
2026-09-23,Baseline,19,OBS-08,REQ-mail,Receive and complete a defined purchasing request,P,Ordering,P,REVIEW_SCOPE,VALID,,,Untimed,,/,/,/,/,,,1,Mapped / P,"Mail intake precedes a service-order entry. A defined purchasing request is plausible, but routine service procurement versus excluded service/aftercare processing is unresolved.",,,Arno,live_family,,,,,19: OBS-08; untimed,docs/measurement/Measure_Observation_2026-09-23.md,https://github.com/Luuuuuig/Bachelor-End-Project/blob/f39fced7a0f317cc9aa9b7af4e9f1bee79d9c9af/docs/measurement/Measure_Observation_2026-09-23.md,f39fced7a0f317cc9aa9b7af4e9f1bee79d9c9af,2026-09-21,| OBS-08 | REQ-mail | | / | / | / | / | |,"{""Case"": ""OBS-08"", ""Activity"": ""REQ-mail"", ""Start"": """", ""End"": ""/"", ""Volume"": ""/"", ""INT"": ""/"", ""DEC?"": ""/"", ""Note"": """"}",2026-09-23 / row 19,REQ,0,0,,0,,,2026-09-23 / OBS-08,2026-09-23 / OBS-08,Receive and complete a defined purchasing request,P,Ordering,P,,1,Mapped / P,2026-09-25,Reviewed; retain explicit uncertainties,,,,Service procurement versus aftercare unresolved. Eight timed minutes across rows 20/22/23 are held separately. Same supplier as OBS-07 does not establish the same case or excluded purpose.,a9c7f8ddc98192b4c45ec4e9f2a63c10bc06bc3c7b81b661a4295824dcbfd260
2026-09-23,Baseline,20,OBS-08,CLAR,Unresolved activity,?,Unresolved stage,?,REVIEW_SCOPE,VALID,,3,Exact recorded interval,11:46,11:49,/,/,/,Attempt to ask Germaine about something.,,unassigned,Unresolved / ?,Attempting to ask Germaine is explicit but the subject is absent. The later service-order entry and shared supplier do not resolve scope or establish a stage-specific clarification activity.,,,Arno,live_family,,,,,20: OBS-08; 11:46 to 11:49,docs/measurement/Measure_Observation_2026-09-23.md,https://github.com/Luuuuuig/Bachelor-End-Project/blob/f39fced7a0f317cc9aa9b7af4e9f1bee79d9c9af/docs/measurement/Measure_Observation_2026-09-23.md,f39fced7a0f317cc9aa9b7af4e9f1bee79d9c9af,2026-09-21,| OBS-08 | CLAR | 11:46 | 11:49 | / | / | / | Attempt to ask Germaine about something. |,"{""Case"": ""OBS-08"", ""Activity"": ""CLAR"", ""Start"": ""11:46"", ""End"": ""11:49"", ""Volume"": ""/"", ""INT"": ""/"", ""DEC?"": ""/"", ""Note"": ""Attempt to ask Germaine about something.""}",2026-09-23 / row 20,CLAR,0,0,,0,,,2026-09-23 / OBS-08,2026-09-23 / OBS-08,Unresolved activity,?,Unresolved stage,?,,unassigned,Unresolved / ?,2026-09-25,Reviewed; retain explicit uncertainties,,3,,Service procurement versus aftercare unresolved. Eight timed minutes across rows 20/22/23 are held separately. Same supplier as OBS-07 does not establish the same case or excluded purpose.,a9c7f8ddc98192b4c45ec4e9f2a63c10bc06bc3c7b81b661a4295824dcbfd260
2026-09-23,Baseline,21,OBS-09,OTHER,Unresolved activity,?,Unresolved stage,?,INCLUDE,VALID,12,12,Exact recorded interval,11:49,12:01,/,/,/,Fault in Exact; attempt to resolve it.,,unassigned,U / C,Twelve minutes of attempting to resolve an Exact fault are recorded during purchasing work. System troubleshooting is a known register/catalog gap; retain the observed support work without calling it master-data maintenance or assigning a purchasing stage.,,,Arno,live_family,,,,,21: OBS-09; 11:49 to 12:01,docs/measurement/Measure_Observation_2026-09-23.md,https://github.com/Luuuuuig/Bachelor-End-Project/blob/f39fced7a0f317cc9aa9b7af4e9f1bee79d9c9af/docs/measurement/Measure_Observation_2026-09-23.md,f39fced7a0f317cc9aa9b7af4e9f1bee79d9c9af,2026-09-21,| OBS-09 | OTHER | 11:49 | 12:01 | / | / | / | Fault in Exact; attempt to resolve it. |,"{""Case"": ""OBS-09"", ""Activity"": ""OTHER"", ""Start"": ""11:49"", ""End"": ""12:01"", ""Volume"": ""/"", ""INT"": ""/"", ""DEC?"": ""/"", ""Note"": ""Fault in Exact; attempt to resolve it.""}",2026-09-23 / row 21,OTHER,1,1,12,0,,,2026-09-23 / OBS-09,2026-09-23 / OBS-09,Unresolved activity,?,Unresolved stage,?,,unassigned,U / C,2026-09-25,Reviewed; retain explicit uncertainties,,12,,"Active Exact troubleshooting retained under OTHER as purchasing support. No matching detailed catalogue activity. If unrelated IT support or passive waiting is confirmed, revise scope/timing; do not invent a new live code.",a9c7f8ddc98192b4c45ec4e9f2a63c10bc06bc3c7b81b661a4295824dcbfd260
2026-09-23,Baseline,22,OBS-08,CLAR,Unresolved activity,?,Unresolved stage,?,REVIEW_SCOPE,VALID,,4,Exact recorded interval,12:01,12:05,/,/,/,/,,unassigned,Unresolved / ?,The service-order case contains a blank CLAR interval. Its purpose and routine-purchasing versus aftercare scope remain unresolved.,,,Arno,live_family,,,,,22: OBS-08; 12:01 to 12:05,docs/measurement/Measure_Observation_2026-09-23.md,https://github.com/Luuuuuig/Bachelor-End-Project/blob/f39fced7a0f317cc9aa9b7af4e9f1bee79d9c9af/docs/measurement/Measure_Observation_2026-09-23.md,f39fced7a0f317cc9aa9b7af4e9f1bee79d9c9af,2026-09-21,| OBS-08 | CLAR | 12:01 | 12:05 | / | / | / | / |,"{""Case"": ""OBS-08"", ""Activity"": ""CLAR"", ""Start"": ""12:01"", ""End"": ""12:05"", ""Volume"": ""/"", ""INT"": ""/"", ""DEC?"": ""/"", ""Note"": ""/""}",2026-09-23 / row 22,CLAR,0,0,,0,,,2026-09-23 / OBS-08,2026-09-23 / OBS-08,Unresolved activity,?,Unresolved stage,?,,unassigned,Unresolved / ?,2026-09-25,Reviewed; retain explicit uncertainties,,4,,Service procurement versus aftercare unresolved. Eight timed minutes across rows 20/22/23 are held separately. Same supplier as OBS-07 does not establish the same case or excluded purpose.,a9c7f8ddc98192b4c45ec4e9f2a63c10bc06bc3c7b81b661a4295824dcbfd260
2026-09-23,Baseline,23,OBS-08,PO,"Prepare, amend or release a purchase order",P,Ordering,P,REVIEW_SCOPE,VALID,,1,Exact recorded interval,12:05,12:06,/,/,/,Service order.,,17,Mapped / P,The source explicitly says service order. Order preparation is provisional; the record does not settle whether this is ordinary service procurement or excluded service/aftercare processing.,,,Arno,live_family,,,,,23: OBS-08; 12:05 to 12:06,docs/measurement/Measure_Observation_2026-09-23.md,https://github.com/Luuuuuig/Bachelor-End-Project/blob/f39fced7a0f317cc9aa9b7af4e9f1bee79d9c9af/docs/measurement/Measure_Observation_2026-09-23.md,f39fced7a0f317cc9aa9b7af4e9f1bee79d9c9af,2026-09-21,| OBS-08 | PO | 12:05 | 12:06 | / | / | / | Service order. |,"{""Case"": ""OBS-08"", ""Activity"": ""PO"", ""Start"": ""12:05"", ""End"": ""12:06"", ""Volume"": ""/"", ""INT"": ""/"", ""DEC?"": ""/"", ""Note"": ""Service order.""}",2026-09-23 / row 23,PO,0,0,,0,,,2026-09-23 / OBS-08,2026-09-23 / OBS-08,"Prepare, amend or release a purchase order",P,Ordering,P,,17,Mapped / P,2026-09-25,Reviewed; retain explicit uncertainties,,1,,Service procurement versus aftercare unresolved. Eight timed minutes across rows 20/22/23 are held separately. Same supplier as OBS-07 does not establish the same case or excluded purpose.,a9c7f8ddc98192b4c45ec4e9f2a63c10bc06bc3c7b81b661a4295824dcbfd260
2026-09-23,Baseline,24,OBS-08,SEND,Unresolved activity,?,Unresolved stage,?,REVIEW_SCOPE,VALID,,,Untimed,/,/,/,/,/,/,,unassigned,Unresolved / ?,"Untimed SEND in the ambiguous service-order case lacks document, recipient and purpose. Preserve missing duration and unresolved scope.",,,Arno,live_family,,,,,24: OBS-08; untimed,docs/measurement/Measure_Observation_2026-09-23.md,https://github.com/Luuuuuig/Bachelor-End-Project/blob/f39fced7a0f317cc9aa9b7af4e9f1bee79d9c9af/docs/measurement/Measure_Observation_2026-09-23.md,f39fced7a0f317cc9aa9b7af4e9f1bee79d9c9af,2026-09-21,| OBS-08 | SEND | / | / | / | / | / | / |,"{""Case"": ""OBS-08"", ""Activity"": ""SEND"", ""Start"": ""/"", ""End"": ""/"", ""Volume"": ""/"", ""INT"": ""/"", ""DEC?"": ""/"", ""Note"": ""/""}",2026-09-23 / row 24,SEND,0,0,,0,,,2026-09-23 / OBS-08,2026-09-23 / OBS-08,Unresolved activity,?,Unresolved stage,?,,unassigned,Unresolved / ?,2026-09-25,Reviewed; retain explicit uncertainties,,,,Service procurement versus aftercare unresolved. Eight timed minutes across rows 20/22/23 are held separately. Same supplier as OBS-07 does not establish the same case or excluded purpose.,a9c7f8ddc98192b4c45ec4e9f2a63c10bc06bc3c7b81b661a4295824dcbfd260
2026-09-23,Baseline,25,OBS-01,SEND,Unresolved activity,?,Ordering,P,INCLUDE,VALID,1,1,Exact recorded interval,12:09,12:10,/,/,/,/,,unassigned,Unresolved / ?,Blank SEND relates to a case with documented PO work. Keep provisional ordering context but do not infer supplier-PO dispatch or Task 23 from the family and sequence alone.,,,Arno,live_family,,,,,25: OBS-01; 12:09 to 12:10,docs/measurement/Measure_Observation_2026-09-23.md,https://github.com/Luuuuuig/Bachelor-End-Project/blob/f39fced7a0f317cc9aa9b7af4e9f1bee79d9c9af/docs/measurement/Measure_Observation_2026-09-23.md,f39fced7a0f317cc9aa9b7af4e9f1bee79d9c9af,2026-09-21,| OBS-01 | SEND | 12:09 | 12:10 | / | / | / | / |,"{""Case"": ""OBS-01"", ""Activity"": ""SEND"", ""Start"": ""12:09"", ""End"": ""12:10"", ""Volume"": ""/"", ""INT"": ""/"", ""DEC?"": ""/"", ""Note"": ""/""}",2026-09-23 / row 25,SEND,1,1,1,0,,,2026-09-23 / OBS-01,2026-09-23 / OBS-01,Unresolved activity,?,Ordering,P,,unassigned,Unresolved / ?,2026-09-25,Reviewed; retain explicit uncertainties,,1,,,a9c7f8ddc98192b4c45ec4e9f2a63c10bc06bc3c7b81b661a4295824dcbfd260
2026-09-23,Baseline,26,OBS-03,SEND,Unresolved activity,?,Ordering,P,INCLUDE,VALID,1,1,Exact recorded interval,12:10,12:11,/,/,/,/,,unassigned,Unresolved / ?,Blank SEND relates to a case with documented PO work. Keep provisional ordering context but do not infer supplier-PO dispatch or Task 23 from the family and sequence alone.,,,Arno,live_family,,,,,26: OBS-03; 12:10 to 12:11,docs/measurement/Measure_Observation_2026-09-23.md,https://github.com/Luuuuuig/Bachelor-End-Project/blob/f39fced7a0f317cc9aa9b7af4e9f1bee79d9c9af/docs/measurement/Measure_Observation_2026-09-23.md,f39fced7a0f317cc9aa9b7af4e9f1bee79d9c9af,2026-09-21,| OBS-03 | SEND | 12:10 | 12:11 | / | / | / | / |,"{""Case"": ""OBS-03"", ""Activity"": ""SEND"", ""Start"": ""12:10"", ""End"": ""12:11"", ""Volume"": ""/"", ""INT"": ""/"", ""DEC?"": ""/"", ""Note"": ""/""}",2026-09-23 / row 26,SEND,1,1,1,0,,,2026-09-23 / OBS-03,2026-09-23 / OBS-03,Unresolved activity,?,Ordering,P,,unassigned,Unresolved / ?,2026-09-25,Reviewed; retain explicit uncertainties,,1,,,a9c7f8ddc98192b4c45ec4e9f2a63c10bc06bc3c7b81b661a4295824dcbfd260
2026-09-23,Baseline,27,OBS-10,EXC,Unresolved activity,?,Unresolved stage,?,EXCLUDE_EXC,VALID,,2,Exact recorded interval,12:13,12:15,/,/,/,Check the RC transport order.,,unassigned,Unresolved / ?,"Checking the RC transport order is explicit, but its transaction position is unclear. Preserve original EXC and the logistics scope reason without expanding RC or inferring a purchase-control stage.",,,Arno,live_family,,,,,27: OBS-10; 12:13 to 12:15,docs/measurement/Measure_Observation_2026-09-23.md,https://github.com/Luuuuuig/Bachelor-End-Project/blob/f39fced7a0f317cc9aa9b7af4e9f1bee79d9c9af/docs/measurement/Measure_Observation_2026-09-23.md,f39fced7a0f317cc9aa9b7af4e9f1bee79d9c9af,2026-09-21,| OBS-10 | EXC | 12:13 | 12:15 | / | / | / | Check the RC transport order. |,"{""Case"": ""OBS-10"", ""Activity"": ""EXC"", ""Start"": ""12:13"", ""End"": ""12:15"", ""Volume"": ""/"", ""INT"": ""/"", ""DEC?"": ""/"", ""Note"": ""Check the RC transport order.""}",2026-09-23 / row 27,EXC,0,0,,0,,,2026-09-23 / OBS-10,2026-09-23 / OBS-10,Unresolved activity,?,Unresolved stage,?,,unassigned,Unresolved / ?,2026-09-25,Reviewed; retain explicit uncertainties,,2,,,a9c7f8ddc98192b4c45ec4e9f2a63c10bc06bc3c7b81b661a4295824dcbfd260
2026-09-23,Baseline,28,OBS-11,REQ-mail,Unresolved activity,?,Unresolved stage,?,INCLUDE,VALID,,,Untimed,/,/,/,/,/,,,1,Mapped / P,"Mail intake into a purchasing clarification case is recorded, but its requirement and stage are unspecified. No excluded purpose or duration is established.",,,Arno,live_family,,,,,28: OBS-11; untimed,docs/measurement/Measure_Observation_2026-09-23.md,https://github.com/Luuuuuig/Bachelor-End-Project/blob/f39fced7a0f317cc9aa9b7af4e9f1bee79d9c9af/docs/measurement/Measure_Observation_2026-09-23.md,f39fced7a0f317cc9aa9b7af4e9f1bee79d9c9af,2026-09-21,| OBS-11 | REQ-mail | / | / | / | / | / | |,"{""Case"": ""OBS-11"", ""Activity"": ""REQ-mail"", ""Start"": ""/"", ""End"": ""/"", ""Volume"": ""/"", ""INT"": ""/"", ""DEC?"": ""/"", ""Note"": """"}",2026-09-23 / row 28,REQ,1,0,,0,,,2026-09-23 / OBS-11,2026-09-23 / OBS-11,Unresolved activity,?,Unresolved stage,?,,1,Mapped / P,2026-09-25,Reviewed; retain explicit uncertainties,,,,,a9c7f8ddc98192b4c45ec4e9f2a63c10bc06bc3c7b81b661a4295824dcbfd260
2026-09-23,Baseline,29,OBS-11,CLAR,Unresolved activity,?,Unresolved stage,?,INCLUDE,VALID,1,1,Exact recorded interval,12:15,12:16,/,/,/,/,,unassigned,Unresolved / ?,Blank purchasing CLAR supplies no specific task or stage. An intervening transport EXC belongs to another case and does not exclude this row.,,,Arno,live_family,,,,,29: OBS-11; 12:15 to 12:16,docs/measurement/Measure_Observation_2026-09-23.md,https://github.com/Luuuuuig/Bachelor-End-Project/blob/f39fced7a0f317cc9aa9b7af4e9f1bee79d9c9af/docs/measurement/Measure_Observation_2026-09-23.md,f39fced7a0f317cc9aa9b7af4e9f1bee79d9c9af,2026-09-21,| OBS-11 | CLAR | 12:15 | 12:16 | / | / | / | / |,"{""Case"": ""OBS-11"", ""Activity"": ""CLAR"", ""Start"": ""12:15"", ""End"": ""12:16"", ""Volume"": ""/"", ""INT"": ""/"", ""DEC?"": ""/"", ""Note"": ""/""}",2026-09-23 / row 29,CLAR,1,1,1,0,,,2026-09-23 / OBS-11,2026-09-23 / OBS-11,Unresolved activity,?,Unresolved stage,?,,unassigned,Unresolved / ?,2026-09-25,Reviewed; retain explicit uncertainties,,1,,,a9c7f8ddc98192b4c45ec4e9f2a63c10bc06bc3c7b81b661a4295824dcbfd260
2026-09-23,Baseline,30,OBS-10,EXC,Follow up order status or delivery commitments,C,Monitoring,C,EXCLUDE_EXC,VALID,,2,Exact recorded interval,12:16,12:18,/,/,/,Forward a colleague's information about whether delivery would take place as expected.,,unassigned,U / C,"The clarified note explicitly concerns whether delivery would occur as expected. Delivery-commitment follow-up is supported, while original EXC and the transport/logistics context remain excluded.",,,Arno,live_family,,,,,30: OBS-10; 12:16 to 12:18,docs/measurement/Measure_Observation_2026-09-23.md,https://github.com/Luuuuuig/Bachelor-End-Project/blob/f39fced7a0f317cc9aa9b7af4e9f1bee79d9c9af/docs/measurement/Measure_Observation_2026-09-23.md,f39fced7a0f317cc9aa9b7af4e9f1bee79d9c9af,2026-09-21,| OBS-10 | EXC | 12:16 | 12:18 | / | / | / | Forward a colleague's information about whether delivery would take place as expected. |,"{""Case"": ""OBS-10"", ""Activity"": ""EXC"", ""Start"": ""12:16"", ""End"": ""12:18"", ""Volume"": ""/"", ""INT"": ""/"", ""DEC?"": ""/"", ""Note"": ""Forward a colleague's information about whether delivery would take place as expected.""}",2026-09-23 / row 30,EXC,0,0,,0,,,2026-09-23 / OBS-10,2026-09-23 / OBS-10,Follow up order status or delivery commitments,C,Monitoring,C,,unassigned,U / C,2026-09-25,Reviewed; retain explicit uncertainties,,2,,,a9c7f8ddc98192b4c45ec4e9f2a63c10bc06bc3c7b81b661a4295824dcbfd260
2026-09-23,Baseline,31,OBS-11,CLAR,Unresolved activity,?,Unresolved stage,?,INCLUDE,VALID,3,3,Exact recorded interval,12:18,12:21,/,/,/,Pause for now.,,unassigned,Unresolved / ?,Pause for now is recorded within otherwise unspecified clarification. Do not convert this into a purchasing HOLD/ORD decision or infer passive waiting time.,,,Arno,live_family,,,,,31: OBS-11; 12:18 to 12:21,docs/measurement/Measure_Observation_2026-09-23.md,https://github.com/Luuuuuig/Bachelor-End-Project/blob/f39fced7a0f317cc9aa9b7af4e9f1bee79d9c9af/docs/measurement/Measure_Observation_2026-09-23.md,f39fced7a0f317cc9aa9b7af4e9f1bee79d9c9af,2026-09-21,| OBS-11 | CLAR | 12:18 | 12:21 | / | / | / | Pause for now. |,"{""Case"": ""OBS-11"", ""Activity"": ""CLAR"", ""Start"": ""12:18"", ""End"": ""12:21"", ""Volume"": ""/"", ""INT"": ""/"", ""DEC?"": ""/"", ""Note"": ""Pause for now.""}",2026-09-23 / row 31,CLAR,1,1,3,0,,,2026-09-23 / OBS-11,2026-09-23 / OBS-11,Unresolved activity,?,Unresolved stage,?,,unassigned,Unresolved / ?,2026-09-25,Reviewed; retain explicit uncertainties,,3,,,a9c7f8ddc98192b4c45ec4e9f2a63c10bc06bc3c7b81b661a4295824dcbfd260
2026-09-23,Baseline,32,OBS-12,REQ-mail,Receive and complete a defined purchasing request,P,Ordering,P,INCLUDE,VALID,,,Untimed,/,/,/,/,/,,,1,Mapped / P,The case note describes fresh urgent component demand followed by an attempted merge/MAX. Probable defined-request intake is retained; supplier unavailability alone does not establish excluded aftercare on a previously placed component order.,,,Arno,live_family,,,,,32: OBS-12; untimed,docs/measurement/Measure_Observation_2026-09-23.md,https://github.com/Luuuuuig/Bachelor-End-Project/blob/f39fced7a0f317cc9aa9b7af4e9f1bee79d9c9af/docs/measurement/Measure_Observation_2026-09-23.md,f39fced7a0f317cc9aa9b7af4e9f1bee79d9c9af,2026-09-21,| OBS-12 | REQ-mail | / | / | / | / | / | |,"{""Case"": ""OBS-12"", ""Activity"": ""REQ-mail"", ""Start"": ""/"", ""End"": ""/"", ""Volume"": ""/"", ""INT"": ""/"", ""DEC?"": ""/"", ""Note"": """"}",2026-09-23 / row 32,REQ,1,0,,0,,,2026-09-23 / OBS-12,2026-09-23 / OBS-12,Receive and complete a defined purchasing request,P,Ordering,P,,1,Mapped / P,2026-09-25,Reviewed; retain explicit uncertainties,,,,,a9c7f8ddc98192b4c45ec4e9f2a63c10bc06bc3c7b81b661a4295824dcbfd260
2026-09-23,Baseline,33,OBS-12,PO,"Assess demand, consolidate and decide order timing",C,Ordering,C,INCLUDE,VALID,5,5,Exact recorded interval,12:21,12:26,2L,/,/,See the separate case note below.,,7,Mapped / P,"The case note explicitly describes a failed merge with the open Eendracht PO and a MAX attempt with Technoflex. Retain five undivided minutes of demand/consolidation work. Do not infer successful addition, Task 9, PO entry, a separate supplier-selection episode, HOLD/ORD or excluded aftercare.",,,Arno,live_family,,,,,33: OBS-12; 12:21 to 12:26,docs/measurement/Measure_Observation_2026-09-23.md,https://github.com/Luuuuuig/Bachelor-End-Project/blob/f39fced7a0f317cc9aa9b7af4e9f1bee79d9c9af/docs/measurement/Measure_Observation_2026-09-23.md,f39fced7a0f317cc9aa9b7af4e9f1bee79d9c9af,2026-09-21,| OBS-12 | PO | 12:21 | 12:26 | 2L | / | / | See the separate case note below. |,"{""Case"": ""OBS-12"", ""Activity"": ""PO"", ""Start"": ""12:21"", ""End"": ""12:26"", ""Volume"": ""2L"", ""INT"": ""/"", ""DEC?"": ""/"", ""Note"": ""See the separate case note below.""}",2026-09-23 / row 33,PO,1,1,5,0,,2,2026-09-23 / OBS-12,2026-09-23 / OBS-12,"Assess demand, consolidate and decide order timing",C,Ordering,C,,7,Mapped / P,2026-09-25,Reviewed; retain explicit uncertainties,"Yijie, 25 September 2026: MAX routinely checks Exact production-order and stock advice; he has not observed quantity adjustment. Arno explained that open POs can allow later demand consolidation. Dennis described per-PO processing cost. These are general explanations, not proof of a case-specific HOLD, saving or error.",5,,,a9c7f8ddc98192b4c45ec4e9f2a63c10bc06bc3c7b81b661a4295824dcbfd260
2026-09-23,Baseline,34,OBS-12,CLAR,Receive and complete a defined purchasing request,C,Ordering,C,INCLUDE,VALID,5,5,Exact recorded interval,12:26,12:31,/,/,/,"Look for the relevant drawing; unable to find it, ask a colleague.",,4;5,Mapped / P,"The observed search and colleague enquiry concern missing drawings for an existing ordering need. Yijie clarified on 25 September that Engineering had supplied most drawings but omitted part of the set, and that Engineering supplies drawings for customised articles. This supports completing order inputs in Ordering, rather than determining a new specification. Task 4/5 linkage remains provisional. This case-level explanation does not establish the reason for other drawing episodes.",,,Arno,live_family,,,,,34: OBS-12; 12:26 to 12:31,docs/measurement/Measure_Observation_2026-09-23.md,https://github.com/Luuuuuig/Bachelor-End-Project/blob/f39fced7a0f317cc9aa9b7af4e9f1bee79d9c9af/docs/measurement/Measure_Observation_2026-09-23.md,f39fced7a0f317cc9aa9b7af4e9f1bee79d9c9af,2026-09-21,"| OBS-12 | CLAR | 12:26 | 12:31 | / | / | / | Look for the relevant drawing; unable to find it, ask a colleague. |","{""Case"": ""OBS-12"", ""Activity"": ""CLAR"", ""Start"": ""12:26"", ""End"": ""12:31"", ""Volume"": ""/"", ""INT"": ""/"", ""DEC?"": ""/"", ""Note"": ""Look for the relevant drawing; unable to find it, ask a colleague.""}",2026-09-23 / row 34,CLAR,1,1,5,0,,,2026-09-23 / OBS-12,2026-09-23 / OBS-12,Receive and complete a defined purchasing request,C,Ordering,C,,4;5,Mapped / P,2026-09-25,Reviewed; retain explicit uncertainties,"Yijie, conversation of 25 September 2026: missing Engineering drawings in 23 September OBS-12; retrospective case clarification, not notebook text.",5,,,a9c7f8ddc98192b4c45ec4e9f2a63c10bc06bc3c7b81b661a4295824dcbfd260
2026-09-23,Baseline,35,OBS-13,OTHER,Unresolved activity,?,Unresolved stage,?,INCLUDE,VALID,3,3,Exact recorded interval,13:02,13:05,/,/,/,Review an offer from Hydrasun and forward it to Kees.,,unassigned,Unresolved / ?,"Reviewing Hydrasun offer information and forwarding it internally to Kees are explicit, but the purchasing decision served is unknown. Do not infer supplier selection, negotiation or supplier-PO sending.",,,Arno,live_family,,,,,35: OBS-13; 13:02 to 13:05,docs/measurement/Measure_Observation_2026-09-23.md,https://github.com/Luuuuuig/Bachelor-End-Project/blob/f39fced7a0f317cc9aa9b7af4e9f1bee79d9c9af/docs/measurement/Measure_Observation_2026-09-23.md,f39fced7a0f317cc9aa9b7af4e9f1bee79d9c9af,2026-09-21,| OBS-13 | OTHER | 13:02 | 13:05 | / | / | / | Review an offer from Hydrasun and forward it to Kees. |,"{""Case"": ""OBS-13"", ""Activity"": ""OTHER"", ""Start"": ""13:02"", ""End"": ""13:05"", ""Volume"": ""/"", ""INT"": ""/"", ""DEC?"": ""/"", ""Note"": ""Review an offer from Hydrasun and forward it to Kees.""}",2026-09-23 / row 35,OTHER,1,1,3,0,,,2026-09-23 / OBS-13,2026-09-23 / OBS-13,Unresolved activity,?,Unresolved stage,?,,unassigned,Unresolved / ?,2026-09-25,Reviewed; retain explicit uncertainties,,3,,,a9c7f8ddc98192b4c45ec4e9f2a63c10bc06bc3c7b81b661a4295824dcbfd260
2026-09-23,Baseline,36,OBS-12,CLAR,Unresolved activity,?,Ordering,P,INCLUDE,VALID,3,3,Exact recorded interval,13:05,13:08,/,/,/,/,,unassigned,Unresolved / ?,Blank CLAR resumes the urgent-demand case. Ordering context is provisional; do not assume this is further drawing retrieval or add a distinct technical requirement decision.,,,Arno,live_family,,,,,36: OBS-12; 13:05 to 13:08,docs/measurement/Measure_Observation_2026-09-23.md,https://github.com/Luuuuuig/Bachelor-End-Project/blob/f39fced7a0f317cc9aa9b7af4e9f1bee79d9c9af/docs/measurement/Measure_Observation_2026-09-23.md,f39fced7a0f317cc9aa9b7af4e9f1bee79d9c9af,2026-09-21,| OBS-12 | CLAR | 13:05 | 13:08 | / | / | / | / |,"{""Case"": ""OBS-12"", ""Activity"": ""CLAR"", ""Start"": ""13:05"", ""End"": ""13:08"", ""Volume"": ""/"", ""INT"": ""/"", ""DEC?"": ""/"", ""Note"": ""/""}",2026-09-23 / row 36,CLAR,1,1,3,0,,,2026-09-23 / OBS-12,2026-09-23 / OBS-12,Unresolved activity,?,Ordering,P,,unassigned,Unresolved / ?,2026-09-25,Reviewed; retain explicit uncertainties,,3,,Blank CLAR after lunch. Do not automatically assign the earlier missing-drawing explanation to this row.,a9c7f8ddc98192b4c45ec4e9f2a63c10bc06bc3c7b81b661a4295824dcbfd260
2026-09-23,Baseline,37,OBS-14,REQ-mail,Establish or clarify purchasing requirements,P,Specification,P,INCLUDE,VALID,,,Untimed,/,/,/,/,/,/,,1,Mapped / P,The mail request leads to history review and a suitability question about a lower-pressure tube. Requirement-clarification intake is probable; it has no recorded duration.,,,Arno,live_family,,,,,37: OBS-14; untimed,docs/measurement/Measure_Observation_2026-09-23.md,https://github.com/Luuuuuig/Bachelor-End-Project/blob/f39fced7a0f317cc9aa9b7af4e9f1bee79d9c9af/docs/measurement/Measure_Observation_2026-09-23.md,f39fced7a0f317cc9aa9b7af4e9f1bee79d9c9af,2026-09-21,| OBS-14 | REQ-mail | / | / | / | / | / | / |,"{""Case"": ""OBS-14"", ""Activity"": ""REQ-mail"", ""Start"": ""/"", ""End"": ""/"", ""Volume"": ""/"", ""INT"": ""/"", ""DEC?"": ""/"", ""Note"": ""/""}",2026-09-23 / row 37,REQ,1,0,,0,,,2026-09-23 / OBS-14,2026-09-23 / OBS-14,Establish or clarify purchasing requirements,P,Specification,P,,1,Mapped / P,2026-09-25,Reviewed; retain explicit uncertainties,,,,,a9c7f8ddc98192b4c45ec4e9f2a63c10bc06bc3c7b81b661a4295824dcbfd260
2026-09-23,Baseline,38,OBS-14,CLAR,Establish or clarify purchasing requirements,C,Specification,C,INCLUDE,VALID,5,5,Exact recorded interval,13:08,13:13,/,/,/,Look into the history of tubes following Emiel's request to order a tube.,,4;5,Mapped / P,"History review follows the tube request, and the confirmed case interpretation concerns pressure-rating suitability. This supports requirement investigation; the precise register sequence remains provisional and cheaper price does not establish negotiation.",,,Arno,live_family,,,,,38: OBS-14; 13:08 to 13:13,docs/measurement/Measure_Observation_2026-09-23.md,https://github.com/Luuuuuig/Bachelor-End-Project/blob/f39fced7a0f317cc9aa9b7af4e9f1bee79d9c9af/docs/measurement/Measure_Observation_2026-09-23.md,f39fced7a0f317cc9aa9b7af4e9f1bee79d9c9af,2026-09-21,| OBS-14 | CLAR | 13:08 | 13:13 | / | / | / | Look into the history of tubes following Emiel's request to order a tube. |,"{""Case"": ""OBS-14"", ""Activity"": ""CLAR"", ""Start"": ""13:08"", ""End"": ""13:13"", ""Volume"": ""/"", ""INT"": ""/"", ""DEC?"": ""/"", ""Note"": ""Look into the history of tubes following Emiel's request to order a tube.""}",2026-09-23 / row 38,CLAR,1,1,5,0,,,2026-09-23 / OBS-14,2026-09-23 / OBS-14,Establish or clarify purchasing requirements,C,Specification,C,,4;5,Mapped / P,2026-09-25,Reviewed; retain explicit uncertainties,,5,,,a9c7f8ddc98192b4c45ec4e9f2a63c10bc06bc3c7b81b661a4295824dcbfd260
2026-09-23,Baseline,39,OBS-14,PO,"Prepare, amend or release a purchase order",C,Ordering,C,INCLUDE,VALID,4,4,Exact recorded interval,13:13,13:17,5L,/,/,Four lines added.,,17,Mapped / P,"Four lines added during the tube case. This supports amendment/completion, not an inferred MAX search, approval, dispatch or aftercare activity.",,,Arno,live_family,,,,,39: OBS-14; 13:13 to 13:17,docs/measurement/Measure_Observation_2026-09-23.md,https://github.com/Luuuuuig/Bachelor-End-Project/blob/f39fced7a0f317cc9aa9b7af4e9f1bee79d9c9af/docs/measurement/Measure_Observation_2026-09-23.md,f39fced7a0f317cc9aa9b7af4e9f1bee79d9c9af,2026-09-21,| OBS-14 | PO | 13:13 | 13:17 | 5L | / | / | Four lines added. |,"{""Case"": ""OBS-14"", ""Activity"": ""PO"", ""Start"": ""13:13"", ""End"": ""13:17"", ""Volume"": ""5L"", ""INT"": ""/"", ""DEC?"": ""/"", ""Note"": ""Four lines added.""}",2026-09-23 / row 39,PO,1,1,4,0,,5,2026-09-23 / OBS-14,2026-09-23 / OBS-14,"Prepare, amend or release a purchase order",C,Ordering,C,,17,Mapped / P,2026-09-25,Reviewed; retain explicit uncertainties,,4,,,a9c7f8ddc98192b4c45ec4e9f2a63c10bc06bc3c7b81b661a4295824dcbfd260
2026-09-23,Baseline,40,OBS-14,CLAR,Establish or clarify purchasing requirements,C,Specification,C,INCLUDE,VALID,1,1,Exact recorded interval,13:17,13:18,/,/,/,Ask Emiel for confirmation; see the tube specification note below.,,4,Mapped / P,"Arno explicitly asks Emiel whether the lower-pressure HSP tube is suitable. This clarifies the purchasing requirement, not a confirmed commercial negotiation or completed-order price check.",,,Arno,live_family,,,,,40: OBS-14; 13:17 to 13:18,docs/measurement/Measure_Observation_2026-09-23.md,https://github.com/Luuuuuig/Bachelor-End-Project/blob/f39fced7a0f317cc9aa9b7af4e9f1bee79d9c9af/docs/measurement/Measure_Observation_2026-09-23.md,f39fced7a0f317cc9aa9b7af4e9f1bee79d9c9af,2026-09-21,| OBS-14 | CLAR | 13:17 | 13:18 | / | / | / | Ask Emiel for confirmation; see the tube specification note below. |,"{""Case"": ""OBS-14"", ""Activity"": ""CLAR"", ""Start"": ""13:17"", ""End"": ""13:18"", ""Volume"": ""/"", ""INT"": ""/"", ""DEC?"": ""/"", ""Note"": ""Ask Emiel for confirmation; see the tube specification note below.""}",2026-09-23 / row 40,CLAR,1,1,1,0,,,2026-09-23 / OBS-14,2026-09-23 / OBS-14,Establish or clarify purchasing requirements,C,Specification,C,,4,Mapped / P,2026-09-25,Reviewed; retain explicit uncertainties,,1,,,a9c7f8ddc98192b4c45ec4e9f2a63c10bc06bc3c7b81b661a4295824dcbfd260
2026-09-23,Baseline,41,OBS-14,SEND,Unresolved activity,?,Unresolved stage,?,INCLUDE,VALID,1,1,Exact recorded interval,14:59,15:00,/,/,/,Exact delay.,,unassigned,Unresolved / ?,SEND is timed 14:59–15:00 but document and recipient are not recorded; the case contains both specification and PO work. Preserve written row order and the Exact-delay note without inferring the sending purpose or any delay duration.,,,Arno,live_family,,,,,41: OBS-14; 14:59 to 15:00,docs/measurement/Measure_Observation_2026-09-23.md,https://github.com/Luuuuuig/Bachelor-End-Project/blob/f39fced7a0f317cc9aa9b7af4e9f1bee79d9c9af/docs/measurement/Measure_Observation_2026-09-23.md,f39fced7a0f317cc9aa9b7af4e9f1bee79d9c9af,2026-09-21,| OBS-14 | SEND | 14:59 | 15:00 | / | / | / | Exact delay. |,"{""Case"": ""OBS-14"", ""Activity"": ""SEND"", ""Start"": ""14:59"", ""End"": ""15:00"", ""Volume"": ""/"", ""INT"": ""/"", ""DEC?"": ""/"", ""Note"": ""Exact delay.""}",2026-09-23 / row 41,SEND,1,1,1,0,,,2026-09-23 / OBS-14,2026-09-23 / OBS-14,Unresolved activity,?,Unresolved stage,?,,unassigned,Unresolved / ?,2026-09-25,Reviewed; retain explicit uncertainties,,1,,,a9c7f8ddc98192b4c45ec4e9f2a63c10bc06bc3c7b81b661a4295824dcbfd260
2026-09-23,Baseline,42,OBS-12,SEND,Unresolved activity,?,Ordering,P,INCLUDE,VALID,2,2,Exact recorded interval,13:18,13:20,/,/,/,/,,unassigned,Unresolved / ?,Blank SEND in the urgent-demand case has probable ordering context but no evidenced document/recipient. It is not automatically Task 23 or supplier-PO sending.,,,Arno,live_family,,,,,42: OBS-12; 13:18 to 13:20,docs/measurement/Measure_Observation_2026-09-23.md,https://github.com/Luuuuuig/Bachelor-End-Project/blob/f39fced7a0f317cc9aa9b7af4e9f1bee79d9c9af/docs/measurement/Measure_Observation_2026-09-23.md,f39fced7a0f317cc9aa9b7af4e9f1bee79d9c9af,2026-09-21,| OBS-12 | SEND | 13:18 | 13:20 | / | / | / | / |,"{""Case"": ""OBS-12"", ""Activity"": ""SEND"", ""Start"": ""13:18"", ""End"": ""13:20"", ""Volume"": ""/"", ""INT"": ""/"", ""DEC?"": ""/"", ""Note"": ""/""}",2026-09-23 / row 42,SEND,1,1,2,0,,,2026-09-23 / OBS-12,2026-09-23 / OBS-12,Unresolved activity,?,Ordering,P,,unassigned,Unresolved / ?,2026-09-25,Reviewed; retain explicit uncertainties,,2,,,a9c7f8ddc98192b4c45ec4e9f2a63c10bc06bc3c7b81b661a4295824dcbfd260
2026-09-23,Baseline,43,OBS-15,REQ-mail,Receive and complete a defined purchasing request,P,Ordering,P,INCLUDE,VALID,,,Untimed,/,/,/,/,/,/,,1,Mapped / P,Mail intake precedes this case’s one-line PO work. A defined ordering request is provisional; the untimed occurrence supplies no intake duration.,,,Arno,live_family,,,,,43: OBS-15; untimed,docs/measurement/Measure_Observation_2026-09-23.md,https://github.com/Luuuuuig/Bachelor-End-Project/blob/f39fced7a0f317cc9aa9b7af4e9f1bee79d9c9af/docs/measurement/Measure_Observation_2026-09-23.md,f39fced7a0f317cc9aa9b7af4e9f1bee79d9c9af,2026-09-21,| OBS-15 | REQ-mail | / | / | / | / | / | / |,"{""Case"": ""OBS-15"", ""Activity"": ""REQ-mail"", ""Start"": ""/"", ""End"": ""/"", ""Volume"": ""/"", ""INT"": ""/"", ""DEC?"": ""/"", ""Note"": ""/""}",2026-09-23 / row 43,REQ,1,0,,0,,,2026-09-23 / OBS-15,2026-09-23 / OBS-15,Receive and complete a defined purchasing request,P,Ordering,P,,1,Mapped / P,2026-09-25,Reviewed; retain explicit uncertainties,,,,,a9c7f8ddc98192b4c45ec4e9f2a63c10bc06bc3c7b81b661a4295824dcbfd260
2026-09-23,Baseline,44,OBS-07,EXC,Follow up order status or delivery commitments,C,Monitoring,C,EXCLUDE_EXC,VALID,,4,Exact recorded interval,13:20,13:24,/,/,/,Ask about the ETA and a payment issue; the source names Hytech.,,unassigned,U / C,The source explicitly asks about ETA and a payment issue. Monitoring/follow-up is supported; no Finance-returned Task 30 is established and original EXC remains excluded.,,,Arno,live_family,,,,,44: OBS-07; 13:20 to 13:24,docs/measurement/Measure_Observation_2026-09-23.md,https://github.com/Luuuuuig/Bachelor-End-Project/blob/f39fced7a0f317cc9aa9b7af4e9f1bee79d9c9af/docs/measurement/Measure_Observation_2026-09-23.md,f39fced7a0f317cc9aa9b7af4e9f1bee79d9c9af,2026-09-21,| OBS-07 | EXC | 13:20 | 13:24 | / | / | / | Ask about the ETA and a payment issue; the source names Hytech. |,"{""Case"": ""OBS-07"", ""Activity"": ""EXC"", ""Start"": ""13:20"", ""End"": ""13:24"", ""Volume"": ""/"", ""INT"": ""/"", ""DEC?"": ""/"", ""Note"": ""Ask about the ETA and a payment issue; the source names Hytech.""}",2026-09-23 / row 44,EXC,0,0,,0,,,2026-09-23 / OBS-07,2026-09-23 / OBS-07,Follow up order status or delivery commitments,C,Monitoring,C,,unassigned,U / C,2026-09-25,Reviewed; retain explicit uncertainties,,4,,,a9c7f8ddc98192b4c45ec4e9f2a63c10bc06bc3c7b81b661a4295824dcbfd260
2026-09-23,Baseline,45,OBS-15,PO,"Prepare, amend or release a purchase order",P,Ordering,P,INCLUDE,VALID,2,2,Exact recorded interval,13:24,13:26,1L,/,/,/,,17,Mapped / P,"A one-line PO episode is recorded without a detailed note. Retain provisional order preparation; no authorization, release, MAX or specific entry sequence is established.",,,Arno,live_family,,,,,45: OBS-15; 13:24 to 13:26,docs/measurement/Measure_Observation_2026-09-23.md,https://github.com/Luuuuuig/Bachelor-End-Project/blob/f39fced7a0f317cc9aa9b7af4e9f1bee79d9c9af/docs/measurement/Measure_Observation_2026-09-23.md,f39fced7a0f317cc9aa9b7af4e9f1bee79d9c9af,2026-09-21,| OBS-15 | PO | 13:24 | 13:26 | 1L | / | / | / |,"{""Case"": ""OBS-15"", ""Activity"": ""PO"", ""Start"": ""13:24"", ""End"": ""13:26"", ""Volume"": ""1L"", ""INT"": ""/"", ""DEC?"": ""/"", ""Note"": ""/""}",2026-09-23 / row 45,PO,1,1,2,0,,1,2026-09-23 / OBS-15,2026-09-23 / OBS-15,"Prepare, amend or release a purchase order",P,Ordering,P,,17,Mapped / P,2026-09-25,Reviewed; retain explicit uncertainties,,2,,,a9c7f8ddc98192b4c45ec4e9f2a63c10bc06bc3c7b81b661a4295824dcbfd260
2026-09-23,Baseline,46,OBS-15,CHECK,Unresolved activity,?,Unresolved stage,?,INCLUDE,VALID,2,2,Exact recorded interval,13:26,13:28,/,/,/,,,unassigned,Unresolved / ?,The CHECK subtype and comparison documents are unspecified. Its position after a PO row does not establish pre-release control or returned-confirmation checking.,,,Arno,live_family,,,,,46: OBS-15; 13:26 to 13:28,docs/measurement/Measure_Observation_2026-09-23.md,https://github.com/Luuuuuig/Bachelor-End-Project/blob/f39fced7a0f317cc9aa9b7af4e9f1bee79d9c9af/docs/measurement/Measure_Observation_2026-09-23.md,f39fced7a0f317cc9aa9b7af4e9f1bee79d9c9af,2026-09-21,| OBS-15 | CHECK | 13:26 | 13:28 | / | / | / | |,"{""Case"": ""OBS-15"", ""Activity"": ""CHECK"", ""Start"": ""13:26"", ""End"": ""13:28"", ""Volume"": ""/"", ""INT"": ""/"", ""DEC?"": ""/"", ""Note"": """"}",2026-09-23 / row 46,CHECK,1,1,2,0,,,2026-09-23 / OBS-15,2026-09-23 / OBS-15,Unresolved activity,?,Unresolved stage,?,,unassigned,Unresolved / ?,2026-09-25,Reviewed; retain explicit uncertainties,,2,,,a9c7f8ddc98192b4c45ec4e9f2a63c10bc06bc3c7b81b661a4295824dcbfd260
2026-09-23,Baseline,47,OBS-15,OTHER,Unresolved activity,?,Unresolved stage,?,INCLUDE,VALID,2,2,Exact recorded interval,13:28,13:30,/,/,/,Walk to Emiel's desk to pass on information.,,unassigned,U / C,Walking to Emiel to pass information is explicit internal purchasing coordination in this case. Purpose/content are not sufficient for a stage-specific activity. Walking is not automatically Logistics work or waiting.,,,Arno,live_family,,,,,47: OBS-15; 13:28 to 13:30,docs/measurement/Measure_Observation_2026-09-23.md,https://github.com/Luuuuuig/Bachelor-End-Project/blob/f39fced7a0f317cc9aa9b7af4e9f1bee79d9c9af/docs/measurement/Measure_Observation_2026-09-23.md,f39fced7a0f317cc9aa9b7af4e9f1bee79d9c9af,2026-09-21,| OBS-15 | OTHER | 13:28 | 13:30 | / | / | / | Walk to Emiel's desk to pass on information. |,"{""Case"": ""OBS-15"", ""Activity"": ""OTHER"", ""Start"": ""13:28"", ""End"": ""13:30"", ""Volume"": ""/"", ""INT"": ""/"", ""DEC?"": ""/"", ""Note"": ""Walk to Emiel's desk to pass on information.""}",2026-09-23 / row 47,OTHER,1,1,2,0,,,2026-09-23 / OBS-15,2026-09-23 / OBS-15,Unresolved activity,?,Unresolved stage,?,,unassigned,U / C,2026-09-25,Reviewed; retain explicit uncertainties,,2,,,a9c7f8ddc98192b4c45ec4e9f2a63c10bc06bc3c7b81b661a4295824dcbfd260
2026-09-23,Baseline,48,OBS-15,CLAR,Unresolved activity,?,Unresolved stage,?,INCLUDE,VALID,7,7,Exact recorded interval,13:30,13:37,/,/,/,,,unassigned,Unresolved / ?,The blank CLAR interval establishes no detailed question or stage. Preserve the recorded purchasing work; missing detail alone does not create a scope exclusion.,,,Arno,live_family,,,,,48: OBS-15; 13:30 to 13:37,docs/measurement/Measure_Observation_2026-09-23.md,https://github.com/Luuuuuig/Bachelor-End-Project/blob/f39fced7a0f317cc9aa9b7af4e9f1bee79d9c9af/docs/measurement/Measure_Observation_2026-09-23.md,f39fced7a0f317cc9aa9b7af4e9f1bee79d9c9af,2026-09-21,| OBS-15 | CLAR | 13:30 | 13:37 | / | / | / | |,"{""Case"": ""OBS-15"", ""Activity"": ""CLAR"", ""Start"": ""13:30"", ""End"": ""13:37"", ""Volume"": ""/"", ""INT"": ""/"", ""DEC?"": ""/"", ""Note"": """"}",2026-09-23 / row 48,CLAR,1,1,7,0,,,2026-09-23 / OBS-15,2026-09-23 / OBS-15,Unresolved activity,?,Unresolved stage,?,,unassigned,Unresolved / ?,2026-09-25,Reviewed; retain explicit uncertainties,,7,,,a9c7f8ddc98192b4c45ec4e9f2a63c10bc06bc3c7b81b661a4295824dcbfd260
2026-09-23,Baseline,49,OBS-16,REQ-desk,Unresolved activity,?,Unresolved stage,?,REVIEW_SCOPE,VALID,,,Untimed,,/,/,/,/,,,unassigned,Unresolved / ?,"Desk intake precedes a logistics tracing episode, but its own subject is not recorded. Do not automatically inherit inclusion or exclusion; preserve scope review and missing duration.",,,Arno,live_family,,,,,49: OBS-16; untimed,docs/measurement/Measure_Observation_2026-09-23.md,https://github.com/Luuuuuig/Bachelor-End-Project/blob/f39fced7a0f317cc9aa9b7af4e9f1bee79d9c9af/docs/measurement/Measure_Observation_2026-09-23.md,f39fced7a0f317cc9aa9b7af4e9f1bee79d9c9af,2026-09-21,| OBS-16 | REQ-desk | | / | / | / | / | |,"{""Case"": ""OBS-16"", ""Activity"": ""REQ-desk"", ""Start"": """", ""End"": ""/"", ""Volume"": ""/"", ""INT"": ""/"", ""DEC?"": ""/"", ""Note"": """"}",2026-09-23 / row 49,REQ,0,0,,0,,,2026-09-23 / OBS-16,2026-09-23 / OBS-16,Unresolved activity,?,Unresolved stage,?,,unassigned,Unresolved / ?,2026-09-25,Reviewed; retain explicit uncertainties,,,,Scope requires observer clarification,a9c7f8ddc98192b4c45ec4e9f2a63c10bc06bc3c7b81b661a4295824dcbfd260
2026-09-23,Baseline,50,OBS-16,CLAR,Unresolved activity,?,Unresolved stage,?,REVIEW_SCOPE,VALID,,5,Exact recorded interval,13:37,13:42,/,/,/,,,unassigned,Unresolved / ?,"The five-minute CLAR precedes explicit logistics tracing, but its content is blank. Its relationship to excluded tracing is unresolved; keep REVIEW_SCOPE rather than allocating these minutes to either scope.",,,Arno,live_family,,,,,50: OBS-16; 13:37 to 13:42,docs/measurement/Measure_Observation_2026-09-23.md,https://github.com/Luuuuuig/Bachelor-End-Project/blob/f39fced7a0f317cc9aa9b7af4e9f1bee79d9c9af/docs/measurement/Measure_Observation_2026-09-23.md,f39fced7a0f317cc9aa9b7af4e9f1bee79d9c9af,2026-09-21,| OBS-16 | CLAR | 13:37 | 13:42 | / | / | / | |,"{""Case"": ""OBS-16"", ""Activity"": ""CLAR"", ""Start"": ""13:37"", ""End"": ""13:42"", ""Volume"": ""/"", ""INT"": ""/"", ""DEC?"": ""/"", ""Note"": """"}",2026-09-23 / row 50,CLAR,0,0,,0,,,2026-09-23 / OBS-16,2026-09-23 / OBS-16,Unresolved activity,?,Unresolved stage,?,,unassigned,Unresolved / ?,2026-09-25,Reviewed; retain explicit uncertainties,,5,,Scope requires observer clarification,a9c7f8ddc98192b4c45ec4e9f2a63c10bc06bc3c7b81b661a4295824dcbfd260
2026-09-23,Baseline,51,OBS-16,EXC,Unresolved activity,?,Unresolved stage,?,EXCLUDE_EXC,ELAPSED_ONLY,,,Elapsed clock interval; active duration unestablished,13:42,14:24,/,/,/,Arno left his desk to help Maurice locate a missing item that Logistics had already received and stored.,,unassigned,U / C,"The confirmed activity is locating an item already received, stored and processed by Logistics. Original EXC and logistics exclusion apply. The 42-minute clock interval does not establish continuously observed active work and is retained only as elapsed-boundary metadata.",,,Arno,live_family,,,,,51: OBS-16; 13:42 to 14:24,docs/measurement/Measure_Observation_2026-09-23.md,https://github.com/Luuuuuig/Bachelor-End-Project/blob/f39fced7a0f317cc9aa9b7af4e9f1bee79d9c9af/docs/measurement/Measure_Observation_2026-09-23.md,f39fced7a0f317cc9aa9b7af4e9f1bee79d9c9af,2026-09-21,| OBS-16 | EXC | 13:42 | 14:24 | / | / | / | Arno left his desk to help Maurice locate a missing item that Logistics had already received and stored. |,"{""Case"": ""OBS-16"", ""Activity"": ""EXC"", ""Start"": ""13:42"", ""End"": ""14:24"", ""Volume"": ""/"", ""INT"": ""/"", ""DEC?"": ""/"", ""Note"": ""Arno left his desk to help Maurice locate a missing item that Logistics had already received and stored.""}",2026-09-23 / row 51,EXC,0,0,,0,,,2026-09-23 / OBS-16,2026-09-23 / OBS-16,Unresolved activity,?,Unresolved stage,?,,unassigned,U / C,2026-09-25,Reviewed; retain explicit uncertainties,,42,,42 elapsed clock minutes; continuous active work and observer presence not established. EXC remains excluded.,a9c7f8ddc98192b4c45ec4e9f2a63c10bc06bc3c7b81b661a4295824dcbfd260
2026-09-23,Baseline,52,OBS-17,EXC,Unresolved activity,?,Unresolved stage,?,EXCLUDE_EXC,VALID,,2,Exact recorded interval,14:24,14:26,/,/,/,Germaine asked about an order.,,unassigned,Unresolved / ?,"Germaine’s order question is recorded as EXC, with no detail sufficient for a purchasing stage. Preserve its exclusion independently of the later item-creation rows sharing OBS-17.",,,Arno,live_family,,,,,52: OBS-17; 14:24 to 14:26,docs/measurement/Measure_Observation_2026-09-23.md,https://github.com/Luuuuuig/Bachelor-End-Project/blob/f39fced7a0f317cc9aa9b7af4e9f1bee79d9c9af/docs/measurement/Measure_Observation_2026-09-23.md,f39fced7a0f317cc9aa9b7af4e9f1bee79d9c9af,2026-09-21,| OBS-17 | EXC | 14:24 | 14:26 | / | / | / | Germaine asked about an order. |,"{""Case"": ""OBS-17"", ""Activity"": ""EXC"", ""Start"": ""14:24"", ""End"": ""14:26"", ""Volume"": ""/"", ""INT"": ""/"", ""DEC?"": ""/"", ""Note"": ""Germaine asked about an order.""}",2026-09-23 / row 52,EXC,0,0,,0,,,2026-09-23 / OBS-17,2026-09-23 / OBS-17,Unresolved activity,?,Unresolved stage,?,,unassigned,Unresolved / ?,2026-09-25,Reviewed; retain explicit uncertainties,,2,,,a9c7f8ddc98192b4c45ec4e9f2a63c10bc06bc3c7b81b661a4295824dcbfd260
2026-09-23,Baseline,53,OBS-17,REQ-mail,Maintain purchasing master data,C,Unresolved stage,?,INCLUDE,VALID,,,Untimed,,/,/,/,/,Create an item.,,unassigned,U / C,"The explicit item-creation request supports master-data intake/coordination, not observed completion of creation. Preserve confirmed OBS-17; do not inherit the preceding EXC exclusion or invent a cross-task case identity.",,,Arno,live_family,,,,,53: OBS-17; untimed,docs/measurement/Measure_Observation_2026-09-23.md,https://github.com/Luuuuuig/Bachelor-End-Project/blob/f39fced7a0f317cc9aa9b7af4e9f1bee79d9c9af/docs/measurement/Measure_Observation_2026-09-23.md,f39fced7a0f317cc9aa9b7af4e9f1bee79d9c9af,2026-09-21,| OBS-17 | REQ-mail | | / | / | / | / | Create an item. |,"{""Case"": ""OBS-17"", ""Activity"": ""REQ-mail"", ""Start"": """", ""End"": ""/"", ""Volume"": ""/"", ""INT"": ""/"", ""DEC?"": ""/"", ""Note"": ""Create an item.""}",2026-09-23 / row 53,REQ,1,0,,0,,,2026-09-23 / OBS-17,2026-09-23 / OBS-17,Maintain purchasing master data,C,Unresolved stage,?,,unassigned,U / C,2026-09-25,Reviewed; retain explicit uncertainties,,,,,a9c7f8ddc98192b4c45ec4e9f2a63c10bc06bc3c7b81b661a4295824dcbfd260
2026-09-23,Baseline,54,OBS-17,CLAR,Maintain purchasing master data,P,Unresolved stage,?,INCLUDE,VALID,7,7,Exact recorded interval,14:40,14:47,/,/,/,,,unassigned,U / P,"Blank CLAR immediately follows the explicit item-creation request under the confirmed same OBS-17. Master-data support is provisional; no particular technical requirement, entry action or stage is established. The earlier EXC is a separate scope decision.",,,Arno,live_family,,,,,54: OBS-17; 14:40 to 14:47,docs/measurement/Measure_Observation_2026-09-23.md,https://github.com/Luuuuuig/Bachelor-End-Project/blob/f39fced7a0f317cc9aa9b7af4e9f1bee79d9c9af/docs/measurement/Measure_Observation_2026-09-23.md,f39fced7a0f317cc9aa9b7af4e9f1bee79d9c9af,2026-09-21,| OBS-17 | CLAR | 14:40 | 14:47 | / | / | / | |,"{""Case"": ""OBS-17"", ""Activity"": ""CLAR"", ""Start"": ""14:40"", ""End"": ""14:47"", ""Volume"": ""/"", ""INT"": ""/"", ""DEC?"": ""/"", ""Note"": """"}",2026-09-23 / row 54,CLAR,1,1,7,0,,,2026-09-23 / OBS-17,2026-09-23 / OBS-17,Maintain purchasing master data,P,Unresolved stage,?,,unassigned,U / P,2026-09-25,Reviewed; retain explicit uncertainties,,7,,,a9c7f8ddc98192b4c45ec4e9f2a63c10bc06bc3c7b81b661a4295824dcbfd260
2026-09-23,Baseline,55,OBS-18,SEND,Unresolved activity,?,Unresolved stage,?,EXCLUDE_LOGISTICS,VALID,,2,Exact recorded interval,14:47,14:49,/,/,/,/,,unassigned,Unresolved / ?,"The spanning case note concerns transport-company arrival timing, supporting logistics exclusion. It explicitly does not assign the enquiry to this particular SEND row; retain unknown row purpose, document and stage.",,,Arno,live_family,,,,,55: OBS-18; 14:47 to 14:49,docs/measurement/Measure_Observation_2026-09-23.md,https://github.com/Luuuuuig/Bachelor-End-Project/blob/f39fced7a0f317cc9aa9b7af4e9f1bee79d9c9af/docs/measurement/Measure_Observation_2026-09-23.md,f39fced7a0f317cc9aa9b7af4e9f1bee79d9c9af,2026-09-21,| OBS-18 | SEND | 14:47 | 14:49 | / | / | / | / |,"{""Case"": ""OBS-18"", ""Activity"": ""SEND"", ""Start"": ""14:47"", ""End"": ""14:49"", ""Volume"": ""/"", ""INT"": ""/"", ""DEC?"": ""/"", ""Note"": ""/""}",2026-09-23 / row 55,SEND,0,0,,0,,,2026-09-23 / OBS-18,2026-09-23 / OBS-18,Unresolved activity,?,Unresolved stage,?,,unassigned,Unresolved / ?,2026-09-25,Reviewed; retain explicit uncertainties,,2,,,a9c7f8ddc98192b4c45ec4e9f2a63c10bc06bc3c7b81b661a4295824dcbfd260
2026-09-23,Baseline,56,OBS-18,EXC,Unresolved activity,?,Unresolved stage,?,EXCLUDE_EXC,VALID,,2,Exact recorded interval,14:50,14:52,/,/,/,Forward relevant information to the relevant stakeholders; see case note below.,,unassigned,Unresolved / ?,"Relevant information is forwarded to stakeholders within the transport case. Preserve original EXC/logistics exclusion. The case-level arrival enquiry is not localized to this row, so do not manufacture a specific monitoring action.",,,Arno,live_family,,,,,56: OBS-18; 14:50 to 14:52,docs/measurement/Measure_Observation_2026-09-23.md,https://github.com/Luuuuuig/Bachelor-End-Project/blob/f39fced7a0f317cc9aa9b7af4e9f1bee79d9c9af/docs/measurement/Measure_Observation_2026-09-23.md,f39fced7a0f317cc9aa9b7af4e9f1bee79d9c9af,2026-09-21,| OBS-18 | EXC | 14:50 | 14:52 | / | / | / | Forward relevant information to the relevant stakeholders; see case note below. |,"{""Case"": ""OBS-18"", ""Activity"": ""EXC"", ""Start"": ""14:50"", ""End"": ""14:52"", ""Volume"": ""/"", ""INT"": ""/"", ""DEC?"": ""/"", ""Note"": ""Forward relevant information to the relevant stakeholders; see case note below.""}",2026-09-23 / row 56,EXC,0,0,,0,,,2026-09-23 / OBS-18,2026-09-23 / OBS-18,Unresolved activity,?,Unresolved stage,?,,unassigned,Unresolved / ?,2026-09-25,Reviewed; retain explicit uncertainties,,2,,,a9c7f8ddc98192b4c45ec4e9f2a63c10bc06bc3c7b81b661a4295824dcbfd260
2026-09-23,Baseline,57,OBS-19,PO,"Assess demand, consolidate and decide order timing",C,Ordering,C,INCLUDE,VALID,5,5,Exact recorded interval,14:52,14:57,14L,/,/,"Maximalisatie of an open PO for FPE Seals, originally 10L.",,7,Mapped / P,"Maximalisatie of the FPE Seals open PO is explicit. Preserve 10 original and 14 recorded lines without imposing a separately confirmed ADD/NONE result, Task 9, HOLD/proceed decision or pure decision duration.",,,Arno,live_family,,,,,57: OBS-19; 14:52 to 14:57,docs/measurement/Measure_Observation_2026-09-23.md,https://github.com/Luuuuuig/Bachelor-End-Project/blob/f39fced7a0f317cc9aa9b7af4e9f1bee79d9c9af/docs/measurement/Measure_Observation_2026-09-23.md,f39fced7a0f317cc9aa9b7af4e9f1bee79d9c9af,2026-09-21,"| OBS-19 | PO | 14:52 | 14:57 | 14L | / | / | Maximalisatie of an open PO for FPE Seals, originally 10L. |","{""Case"": ""OBS-19"", ""Activity"": ""PO"", ""Start"": ""14:52"", ""End"": ""14:57"", ""Volume"": ""14L"", ""INT"": ""/"", ""DEC?"": ""/"", ""Note"": ""Maximalisatie of an open PO for FPE Seals, originally 10L.""}",2026-09-23 / row 57,PO,1,1,5,0,,14,2026-09-23 / OBS-19,2026-09-23 / OBS-19,"Assess demand, consolidate and decide order timing",C,Ordering,C,,7,Mapped / P,2026-09-25,Reviewed; retain explicit uncertainties,"Yijie, 25 September 2026: MAX routinely checks Exact production-order and stock advice; he has not observed quantity adjustment. Arno explained that open POs can allow later demand consolidation. Dennis described per-PO processing cost. These are general explanations, not proof of a case-specific HOLD, saving or error.",5,,,a9c7f8ddc98192b4c45ec4e9f2a63c10bc06bc3c7b81b661a4295824dcbfd260
2026-09-23,Baseline,58,OBS-19,SEND,Unresolved activity,?,Ordering,P,INCLUDE,VALID,2,2,Exact recorded interval,14:57,14:59,/,/,/,/,,unassigned,Unresolved / ?,"Blank SEND follows the MAX/open-PO case. Ordering context is provisional; no recipient, document, completed order or supplier-forwarding task is inferred.",,,Arno,live_family,,,,,58: OBS-19; 14:57 to 14:59,docs/measurement/Measure_Observation_2026-09-23.md,https://github.com/Luuuuuig/Bachelor-End-Project/blob/f39fced7a0f317cc9aa9b7af4e9f1bee79d9c9af/docs/measurement/Measure_Observation_2026-09-23.md,f39fced7a0f317cc9aa9b7af4e9f1bee79d9c9af,2026-09-21,| OBS-19 | SEND | 14:57 | 14:59 | / | / | / | / |,"{""Case"": ""OBS-19"", ""Activity"": ""SEND"", ""Start"": ""14:57"", ""End"": ""14:59"", ""Volume"": ""/"", ""INT"": ""/"", ""DEC?"": ""/"", ""Note"": ""/""}",2026-09-23 / row 58,SEND,1,1,2,0,,,2026-09-23 / OBS-19,2026-09-23 / OBS-19,Unresolved activity,?,Ordering,P,,unassigned,Unresolved / ?,2026-09-25,Reviewed; retain explicit uncertainties,,2,,,a9c7f8ddc98192b4c45ec4e9f2a63c10bc06bc3c7b81b661a4295824dcbfd260
