date,row,case,activity_as_written,start,end,recorded_minutes,reviewed_stage,scope,timing_quality,status,basis
2026-08-31,1,OBS-01,REQ,—,—,,Specification,INCLUDE,VALID,Carried from episode-level enrichment,The letter leaves the required Primer-C quantity/package unresolved. Intake serves establishing that requirement.
2026-08-31,2,OBS-01,CLAR,10:30,10:40,10,Specification,INCLUDE,VALID,Carried from episode-level enrichment,Clarification addresses the recorded Primer-C 20 ml versus 1000 ml requirement choice; preserve the complete ten-minute episode.
2026-08-31,3,OBS-02,REQ-mail,—,—,,Ordering,INCLUDE,VALID,Carried from episode-level enrichment,"Request intake probably initiates execution of the linked order; the request details are absent, so the defined-request interpretation stays provisional."
2026-08-31,4,OBS-02,PO,10:42,10:44,2,Ordering,INCLUDE,VALID,Carried from episode-level enrichment,Information transfer and request-to-PO preparation are grouped order-preparation subactivities. Preserve the combined duration without creating three separate activities.
2026-08-31,5,OBS-02,SEND,10:46,10:51,5,Ordering,INCLUDE,VALID,Carried from episode-level enrichment,Earlier enrichment identifies supplier-facing PO forwarding. The Exact error does not create a separately measured system-wait interval.
2026-08-31,6,OBS-03,REQ-mail,—,—,,Ordering,INCLUDE,VALID,Carried from episode-level enrichment,"The external purchasing request is known, but its contents and specification-versus-ordering purpose are unresolved."
2026-08-31,7,OBS-03,CLAR,—,—,,Ordering,INCLUDE,VALID,Carried from episode-level enrichment,An untimed clarification/forwarding occurrence is recorded without its object or purpose. No catalog communication or requirement activity is established.
2026-08-31,8,OBS-04,REQ-mail,—,—,,Ordering,INCLUDE,VALID,Carried from episode-level enrichment,"The request is to add an article to an existing PO, establishing defined-request intake for ordering. Later aftercare does not change this activity."
2026-08-31,9,OBS-04,CHECK,10:52,10:53,1,Ordering,INCLUDE,VALID,Carried from episode-level enrichment,The earlier enrichment explicitly locates this check before sending. The checked field remains unknown; do not rename it price comparison.
2026-08-31,10,OBS-04,PO,10:53,10:55,2,Ordering,INCLUDE,VALID,Carried from episode-level enrichment,"Adding one line amends the PO. It does not by itself establish MAX search, consolidation or authorization."
2026-08-31,11,OBS-04,CHECK,10:55,10:59,4,Ordering,INCLUDE,VALID,Carried from episode-level enrichment,Two lines are checked in the documented pre-send control block. Retain the unknown checked-field subtype and do not infer a price correction.
2026-08-31,12,OBS-04,SEND,—,—,,Ordering,INCLUDE,VALID,Carried from episode-level enrichment,"The sub-minute SEND occurred after order processing, but document and recipient are unrecorded. Probable ordering stage alone does not establish supplier-facing PO forwarding."
2026-08-31,13,OBS-05,CHECK,10:59,11:02,3,Monitoring,INCLUDE,VALID,Carried from episode-level enrichment,"A check occurred, but no control point, object or matching catalog activity is established."
2026-08-31,14,OBS-05,EXC,—,—,,Monitoring,EXCLUDE_EXC,VALID,Carried from episode-level enrichment,Untimed EXC/aftercare is documented without the particular action. Preserve exclusion and unresolved activity.
2026-08-31,15,OBS-06,REQ-mail,—,—,,Ordering,INCLUDE,VALID,Carried from episode-level enrichment,"The intake is linked to maintenance/service clarification, giving only provisional support for requirement establishment. Do not strengthen the existing provisional stage interpretation."
2026-08-31,16,OBS-06,CLAR,11:03,11:04,1,,INCLUDE,VALID,Carried from episode-level enrichment,The maintenance/service classification is retained as probable requirement clarification; the source does not establish a more specific requirement decision.
2026-08-31,17,OBS-06,PO,11:04,11:08,4,Ordering,INCLUDE,VALID,Carried from episode-level enrichment,Request-information entry and PO preparation are subactivities within the same order-preparation component. No duration split is inferred.
2026-08-31,18,OBS-06,SEND,11:08,11:11,3,Ordering,INCLUDE,VALID,Carried from episode-level enrichment,Supplier-facing PO sending is documented. The subsequent observer-unavailable period lies outside this activity.
2026-08-31,19,OBS-07,REQ-email,—,—,,Ordering,INCLUDE,VALID,Carried from episode-level enrichment,The request explicitly concerns article-master input. Classify its administrative intake with that master-data work without asserting that creation occurred in this untimed row or assigning a purchasing stage.
2026-08-31,20,OBS-07,CLAR,11:23,11:25,2,Ordering,INCLUDE,VALID,Carried from episode-level enrichment,Writing up information probably prepares the article-master record. The specific clarification remains uncertain; preserve provisional confidence and UNKNOWN stage.
2026-08-31,21,OBS-07,OTHER,11:25,11:29,4,Ordering,INCLUDE,VALID,Carried from episode-level enrichment,Input of article-master information is explicit. It is separate from entry of PO lines and remains stage-unresolved support.
2026-08-31,22,OBS-07,SEND,—,—,,Ordering,INCLUDE,VALID,Carried from episode-level enrichment,"A brief price enquiry is recorded, but its purpose and recipient are insufficiently specified. Do not infer supplier choice, negotiation, master-price updating or completed information retrieval."
2026-08-31,23,OBS-07,OTHER,11:29,11:31,2,Ordering,INCLUDE,VALID,Carried from episode-level enrichment,"The information is explicitly attached to the article-master record, rather than to a supplier confirmation."
2026-08-31,24,OBS-07,OTHER,11:35,11:37,2,Ordering,INCLUDE,VALID,Carried from episode-level enrichment,A further article-master information attachment is explicit. Retain its separate episode and UNKNOWN stage.
2026-08-31,25,OBS-07,CLAR,11:37,11:39,2,Ordering,INCLUDE,VALID,Carried from episode-level enrichment,"The question relates to the second article being entered, supporting probable master-data completion. Missing-field and specification details are unresolved."
2026-08-31,26,OBS-07,CLAR,11:39,11:43,4,Ordering,INCLUDE,VALID,Carried from episode-level enrichment,Clarification concerns another component of the second article-master entry. The master-data activity is provisional; no requirement-development stage is inferred.
2026-08-31,27,OBS-04,EXC,11:51,11:53,2,,EXCLUDE_EXC,VALID,Carried from episode-level enrichment,"Only excluded aftercare is identified. No status, delivery or post-receipt discrepancy subtype supports a narrower activity."
2026-08-31,28,OBS-08,REQ-Exact,—,—,,Ordering,INCLUDE,VALID,Carried from episode-level enrichment,"Exact demand intake is linked to subsequent PO preparation and forwarding, making defined-request intake probable without inferring a separate review step."
2026-08-31,29,OBS-08,PO,11:54,11:55,1,Ordering,INCLUDE,VALID,Carried from episode-level enrichment,"PO preparation is documented. The value and decision flag do not prove authorization checking, approval or release."
2026-08-31,30,OBS-08,SEND,11:58,11:59,1,Ordering,INCLUDE,VALID,Carried from episode-level enrichment,The earlier enrichment explicitly identifies forwarding the PO to the supplier.
2026-08-31,31,OBS-09,REQ-email,—,—,,Ordering,INCLUDE,VALID,Carried from episode-level enrichment,External request intake is linked to subsequent PO preparation and supplier forwarding. Preserve probable ordering-request interpretation.
2026-08-31,32,OBS-09,PO,11:59,12:00,1,Ordering,INCLUDE,VALID,Carried from episode-level enrichment,PO preparation is documented; no authorization or release substep is inferred from the former task range or order value.
2026-08-31,33,OBS-09,SEND,12:02,12:03,1,Ordering,INCLUDE,VALID,Carried from episode-level enrichment,The earlier enrichment explicitly identifies supplier-facing PO forwarding.
2026-08-31,34,OBS-10,REQ-Exact,—,—,,Ordering,INCLUDE,VALID,Carried from episode-level enrichment,Exact intake relates to the one-PC credit-card purchase variant. Defined-request intake remains provisional.
2026-08-31,35,OBS-10,CLAR,12:06,12:08,2,Ordering,INCLUDE,VALID,Carried from episode-level enrichment,"The documented credit-card purchase route fits the catalog alternative-ordering-route subtype provisionally. It does not establish actual payment processing, commercial negotiation or pure decision time."
2026-08-31,36,OBS-11,REQ-Exact,—,—,,Ordering,INCLUDE,VALID,Carried from episode-level enrichment,The Exact-originated request feeds the documented MAX/HOLD/order case. Intake of a defined ordering need remains probable.
2026-08-31,37,OBS-11,DEC,—,—,,Ordering,INCLUDE,VALID,Carried from episode-level enrichment,The initial HOLD/leave-until-tomorrow outcome is explicit. This tally must not be counted as an additional decision beyond the same HOLD recorded in the following episode.
2026-08-31,38,OBS-11,PO,12:09,12:12,3,Ordering,INCLUDE,VALID,Carried from episode-level enrichment,MAX/hold consideration and PO preparation are distinct supported grouped components in one recorded interval. Preserve uncertain reversal reasoning and no allocation of minutes between components.
2026-08-31,39,OBS-11,PO,—,—,,Ordering,INCLUDE,VALID,Carried from episode-level enrichment,"The later return to ordering is known, with probable Task 17 coverage. Exact resumption time and motive are absent; no duration is reconstructed."
2026-08-31,40,OBS-12,REQ-Exact,—,—,,Ordering,INCLUDE,VALID,Carried from episode-level enrichment,Exact intake is linked to documented PO preparation and forwarding. Preserve the probable ordering-request purpose and untimed occurrence.
2026-08-31,41,OBS-12,PO,12:15,12:17,2,Ordering,INCLUDE,VALID,Carried from episode-level enrichment,PO preparation is documented; the broad historical task range does not establish additional authorization or release actions.
2026-08-31,42,OBS-12,SEND,12:17,12:19,2,Ordering,INCLUDE,VALID,Carried from episode-level enrichment,The earlier enrichment explicitly identifies supplier-facing PO forwarding.
2026-08-31,43,OBS-13,REQ-Exact,—,—,,Ordering,INCLUDE,VALID,Carried from episode-level enrichment,"Exact-originated intake is known, but subsequent unspecified information enquiries do not establish requirement definition or defined-request completion."
2026-08-31,44,OBS-13,CLAR,12:19,12:27,8,Ordering,INCLUDE,VALID,Carried from episode-level enrichment,External and internal information enquiries are known; their missing-information object and purchasing purpose are not. The activity is not identified as retrieval of an existing document.
2026-08-31,45,OBS-12,CHECK,13:19,13:23,4,Monitoring,INCLUDE,VALID,Carried from episode-level enrichment,Documented post-order information/confirmation checking identifies a missing delivery date. Do not add a correction or expediting action.
2026-08-31,46,OBS-09,CHECK,13:23,13:24,1,Monitoring,INCLUDE,VALID,Carried from episode-level enrichment,The later CHECK has no identified object or control point. A previously sent PO does not establish confirmation processing.
2026-08-31,47,OBS-14,REQ-Exact,—,—,,Ordering,INCLUDE,VALID,Carried from episode-level enrichment,"Exact intake is linked to a credit-card purchasing route, supporting probable defined-request intake."
2026-08-31,48,OBS-14,DEC,—,—,,Ordering,INCLUDE,VALID,Carried from episode-level enrichment,The credit-card route decision fits the alternative-ordering-route subtype provisionally. Preserve the untimed decision without asserting contracting or payment execution.
2026-08-31,49,OBS-14,SEND,13:25,13:26,1,Ordering,INCLUDE,VALID,Carried from episode-level enrichment,"Informing a colleague supports the documented credit-card ordering route. Classify as provisional coordination within that route, not supplier-facing PO forwarding."
2026-08-31,50,OBS-15,REQ-Exact,—,—,,Ordering,INCLUDE,VALID,Carried from episode-level enrichment,"Exact demand intake precedes the documented MAX/PO episode, giving probable defined-request intake."
2026-08-31,51,OBS-15,DEC,—,—,,Ordering,INCLUDE,VALID,Carried from episode-level enrichment,The tally states MAX but does not identify an independent decision or precise substep. Link provisionally to demand/consolidation work without adding an event beyond the following combined episode.
2026-08-31,52,OBS-15,PO,13:26,13:31,5,Ordering,INCLUDE,VALID,Carried from episode-level enrichment,"Four same-supplier lines are added during seamless MAX and PO work. Demand consolidation and PO preparation are distinct supported catalog components, retained as one five-minute episode."
2026-08-31,53,OBS-15,SEND,13:33,13:34,1,Ordering,INCLUDE,VALID,Carried from episode-level enrichment,The earlier enrichment identifies supplier-facing PO forwarding. Preserve written source order.
2026-08-31,54,OBS-16,REQ-Exact,—,—,,Ordering,INCLUDE,VALID,Carried from episode-level enrichment,Exact-originated intake belongs to the original order preparation. Its probable defined-request purpose is independent of later unpaid-PO aftercare.
2026-08-31,55,OBS-16,PO,13:32,13:33,1,Ordering,INCLUDE,VALID,Carried from episode-level enrichment,Original PO preparation is documented. Later payment-related aftercare does not alter its activity or establish approval/release substeps.
2026-08-31,56,OBS-16,SEND,13:34,13:35,1,Ordering,INCLUDE,VALID,Carried from episode-level enrichment,Supplier-facing PO forwarding is documented in the source-corrected interval. Subsequent aftercare is a different episode.
2026-08-31,57,OBS-17,EXC,13:50,13:52,2,,EXCLUDE_EXC,VALID,Carried from episode-level enrichment,Prior-week PO aftercare lacks a specified action or transaction position; no narrower status-follow-up or post-receipt discrepancy activity is established.
2026-08-31,58,OBS-01,CLAR,13:52,13:55,3,Specification,INCLUDE,VALID,Carried from episode-level enrichment,The colleague call clarifies the Primer-C requirement as two small portions; subsequent order preparation is recorded separately.
2026-08-31,59,OBS-01,PO,13:55,13:56,1,Ordering,INCLUDE,VALID,Carried from episode-level enrichment,The PO action following Primer-C clarification is documented as order preparation.
2026-08-31,60,OBS-16,REQ-call,—,—,,Monitoring,EXCLUDE_AFTERCARE,VALID,"To confirm: enrichment excluded it, reviewed stage is Monitoring","Phone intake concerns older unpaid orders blocking the current order, supporting probable order-fulfilment follow-up. It remains excluded aftercare and untimed."
2026-08-31,61,OBS-16,CLAR,13:56,14:02,6,Monitoring,EXCLUDE_AFTERCARE,VALID,"To confirm: enrichment excluded it, reviewed stage is Monitoring",Supplier communication concerns a payment block preventing order fulfilment. Monitoring-related follow-up is provisional and remains excluded aftercare; it is not a Finance-returned investigation.
2026-08-31,62,OBS-16,OTHER,14:02,14:04,2,Follow-up and evaluation,EXCLUDE_AFTERCARE,VALID,Carried from episode-level enrichment,"The Finance hand-off continues the supplier-payment block affecting fulfilment, so order-progress follow-up is provisional. This does not establish a discrepancy investigation under Task 30."
2026-08-31,63,OBS-07,CLAR,14:04,14:05,1,Ordering,INCLUDE,VALID,Carried from episode-level enrichment,Clarification for the third article probably continues the article-master completion work. Keep the missing fields and six-stage purpose unresolved.
2026-09-01,1,OBS-01,EXC,10:31,10:43,12,Follow-up and evaluation,EXCLUDE_EXC,VALID,Carried from episode-level enrichment,"Wrong delivered components and subsequent supplier communication establish post-receipt corrective aftercare, provisionally classified as follow-up. No corresponding precise registered task is evidenced. The same-case walk remains within the original EXC interval; no interruption or extra duration is invented."
2026-09-01,2,OBS-02,REQ,10:49,10:50,1,Ordering,INCLUDE,VALID,Carried from episode-level enrichment,"Desk request intake is explicit. The immediately following clarification establishes whether the required quantity is 18 or 36, so specification-stage intake is probable; the one recorded minute is retained."
2026-09-01,3,OBS-02,CLAR,10:50,10:56,6,Ordering,INCLUDE,VALID,Carried from episode-level enrichment,"Clarifying whether the requester requires 18 total or two sets of 18 directly establishes the required quantity. This is requirement definition/clarification, not an evidenced comparison with an already prepared PO. Task 4 covers validation of supplied request information."
2026-09-01,4,OBS-02,SEND,10:56,11:04,8,Ordering,INCLUDE,VALID,Carried from episode-level enrichment,Requesting visual clarification from the requester or colleague continues the same requirement-clarification case. Specification purpose is probable; clarification communication is not Task 23 supplier-PO forwarding.
2026-09-01,5,OBS-03,EXC,11:05,11:08,3,Follow-up and evaluation,EXCLUDE_EXC,VALID,Carried from episode-level enrichment,The wrong order has explicitly been received. Corrective aftercare is outside a specific evidenced register task and provisionally falls in follow-up; preserve the recorded interruption without estimating its duration.
2026-09-01,6,OBS-03,EXC,11:09,11:11,2,Follow-up and evaluation,EXCLUDE_EXC,VALID,Carried from episode-level enrichment,Explicit continuation of the received-wrong-order aftercare. Keep this separate recorded episode and probable follow-up stage; do not merge elapsed time across the gap.
2026-09-01,7,OBS-04,REQ,—,—,,Specification,EXCLUDE_AFTERCARE,VALID,"To confirm: enrichment excluded it, reviewed stage is Specification","The request concerns cancellation of an existing component and replacement sourcing due to long lead time, not intake of a new purchasing need under Task 1. This is excluded aftercare; the untimed request does not establish a unique purchasing stage."
2026-09-01,8,OBS-04,SEND,11:11,11:14,3,Specification,EXCLUDE_AFTERCARE,VALID,"To confirm: enrichment excluded it, reviewed stage is Specification","The non-interchangeability judgement and request for colleague confirmation directly respond to the cancellation/replacement request. Exclude the evidenced aftercare communication; preserve embedded judgement and do not infer supplier selection, Task 23 or pure decision time."
2026-09-01,9,OBS-05,REQ,—,—,,Ordering,INCLUDE,VALID,Carried from episode-level enrichment,"External email request intake is explicit, but its purchasing requirement and specification-versus-ordering purpose are not described. Preserve the untimed occurrence."
2026-09-01,10,OBS-05,CLAR,11:15,11:17,2,Ordering,INCLUDE,VALID,Carried from episode-level enrichment,"Visible Exact/information work led to an email question, but the searched object and purpose are unspecified. Do not infer Tasks 4 or 5 from use of Exact alone. Preserve the source normalization from DEC to CLAR with embedded judgement; the two minutes are not pure decision time."
2026-09-01,11,OBS-05,SEND,11:17,11:19,2,Ordering,INCLUDE,VALID,Carried from episode-level enrichment,An email follow-up question is explicit purchasing clarification communication outside Task 23. The question content does not establish its stage or a particular registered validation task.
2026-09-01,12,OBS-06,CHECK,11:19,11:21,2,Monitoring,INCLUDE,VALID,Carried from episode-level enrichment,"A purchasing-information check is recorded, but no control subtype or transaction position is identified. Retain eligible CHECK time without a speculative Tasks 14-16/26-28 range or stage."
2026-09-01,13,OBS-07,SEND,11:21,11:22,1,Follow-up and evaluation,REVIEW_SCOPE,VALID,Open: observer to decide scope,"Forwarding purchasing communication to Finance is explicit, but its content and purpose are absent. Routine hand-off versus excluded exception/aftercare cannot be determined. Neither a Finance-return investigation under Task 30 nor Finance-only Task 29 is established."
2026-09-01,14,OBS-08,EXC,11:22,11:24,2,,EXCLUDE_EXC,VALID,Carried from episode-level enrichment,"Original EXC and the uncertain subtype are retained. No detailed task, stage or interpretation of the uncertain decision indicator is supplied."
2026-09-01,15,OBS-09,REQ,—,—,,Monitoring,EXCLUDE_AFTERCARE,VALID,"To confirm: enrichment excluded it, reviewed stage is Monitoring","The phone question concerns an existing PO and immediately leads to its delivery-time/unpaid-invoice episode. Probable aftercare intake and monitoring context; not a new purchasing need under Task 1, and no duration is available."
2026-09-01,16,OBS-09,EXC,11:24,11:26,2,Monitoring,EXCLUDE_EXC,VALID,Carried from episode-level enrichment,The delivery-time issue on an existing PO establishes monitoring/aftercare. The unpaid invoice does not demonstrate a returned Finance case under Task 30. Keep the original EXC exclusion.
2026-09-01,17,OBS-10,OTHER,11:26,11:29,3,Follow-up and evaluation,REVIEW_SCOPE,VALID,Open: observer to decide scope,The content of the Finance question is not recorded. Routine coordination and excluded aftercare remain possible; do not assert that all Finance communication is excluded or that Task 30 occurred.
2026-09-01,18,OBS-11,EXC,11:31,11:34,3,Monitoring,EXCLUDE_EXC,VALID,Carried from episode-level enrichment,"Tracing delivery status of an existing order is explicit monitoring/expediting, outside a specifically evidenced registered task. Preserve original EXC; ten pieces are case context and not a new duration denominator."
2026-09-01,19,OBS-12,REQ,—,—,,Specification,INCLUDE,VALID,Carried from episode-level enrichment,A customer question reaches Purchasing through Service. Subsequent missing-size investigation and quotation enquiry support probable purchasing-request intake and specification purpose; no intake duration is recorded.
2026-09-01,20,OBS-12,CLAR,11:35,11:51,16,Specification,INCLUDE,VALID,Carried from episode-level enrichment,Missing required size/information and historical-PO searching support probable requirement clarification using supplied information and historical records. The exact boundary between defining the requirement and validating an existing specification remains uncertain; keep specification provisional and the 16-minute combined episode intact.
2026-09-01,21,OBS-12,SEND,11:51,11:54,3,Specification,INCLUDE,VALID,Carried from episode-level enrichment,"Requesting a quotation or external information is explicit but does not itself prove supplier selection, negotiation or order placement. It is not standard Task 23 PO forwarding; retain the three minutes with stage unresolved."
2026-09-01,22,OBS-13,CHECK,11:55,11:56,1,Monitoring,INCLUDE,VALID,Carried from episode-level enrichment,Only a two-line purchasing check is described. Neither pre-order price control nor confirmation comparison is established; retain the original volume and eligible time without a detailed task range.
2026-09-01,23,OBS-14,CHECK,11:56,11:57,1,Monitoring,INCLUDE,VALID,Carried from episode-level enrichment,Only a one-line purchasing check is described. No compared documents or transaction position are recorded; detailed task and stage remain unresolved.
2026-09-01,24,OBS-15,CHECK,11:57,12:00,3,Monitoring,INCLUDE,VALID,Carried from episode-level enrichment,Only a three-line purchasing check is described. No basis exists for assigning a pre-order or post-confirmation task or stage.
2026-09-01,25,OBS-16,EXC,12:00,12:04,4,,EXCLUDE_EXC,VALID,Carried from episode-level enrichment,"The supplier question concerns an existing case, but its subject is unspecified. Preserve original EXC without forcing a particular registered task or stage."
2026-09-01,26,OBS-17,REQ,—,—,,,INCLUDE,VALID,Carried from episode-level enrichment,"This request concerns adding new article records to Exact. The case clarification says item creation was already completed and the items were already in a PO. Retain the observed request occurrence as article-master coordination, not new purchasing-need intake or newly observed creation."
2026-09-01,27,OBS-17,CLAR,12:06,12:08,2,,INCLUDE,VALID,Carried from episode-level enrichment,The observed work clarifies ownership/routing of an article-master request whose creation work was already completed. This coordination is not specifically represented in the register. Being linked to an existing PO does not establish its purchasing stage; preserve the interruption.
2026-09-01,28,OBS-17,SEND,12:08,12:09,1,,INCLUDE,VALID,Carried from episode-level enrichment,Forwarding the article-master/routing request is explicit coordination outside Task 23. Do not time the earlier item creation or infer a new purchasing stage from the software or PO context.
2026-09-01,29,OBS-18,REQ,—,—,,Ordering,INCLUDE,VALID,Carried from episode-level enrichment,"Exact-originated demand precedes the explicitly described pre-control episode, supporting probable identified demand and ordering-stage intake. No intake duration is available. The following pre-control row has its own recorded interval; no intake duration is added to it."
2026-09-01,30,OBS-18,CHECK,12:09,12:15,6,Ordering,INCLUDE,VALID,Carried from episode-level enrichment,"Explicit pre-control and delivery-time adjustment support ordering. Price control was blocked by an unpaid-invoice issue, but the source does not document separate invoice investigation or aftercare during this interval. Retain six minutes of observed routine control; do not exclude it solely because a payment problem prevented completion. The checked price sources and detailed task sequence remain unspecified, so no Tasks 14-16 range or duration split is imposed."
2026-09-01,31,OBS-19,EXC,12:15,12:20,5,,EXCLUDE_EXC,VALID,Carried from episode-level enrichment,"Unavailable-item alternative search partly matches Task 31. The note establishes an exception on an existing PO but not whether the search serves supplier selection, component substitution or another purchasing purpose. Keep the stage unresolved and original EXC excluded; do not infer line removal or separately timed decision work."
2026-09-01,32,OBS-19,EXC,12:22,12:25,3,Monitoring,EXCLUDE_EXC,VALID,Carried from episode-level enrichment,"A supplier confirmation covering only part of the PO provides confirmation-comparison context and leads to supplier follow-up. Task 26 is a probable partial fit; the follow-up communication is not fully represented by it. Monitoring is explicit, and original EXC remains excluded."
2026-09-01,33,31AUG-OBS-07,OTHER,13:15,13:23,8,Ordering,INCLUDE,VALID,Carried from episode-level enrichment,"Preserve the cross-date identity 31AUG-OBS-07. This is eight recorded minutes continuing article-master work with missing data; article-master maintenance is outside the detailed register. The missing fields and purchasing-stage purpose are unspecified, so do not infer specification or count the earlier day again."
2026-09-01,34,OBS-20,OTHER,13:23,13:27,4,,INCLUDE,VALID,Carried from episode-level enrichment,"Purchasing-related email reading is explicit, but the message subject and task subtype are not recorded. Keep eligible family time while leaving task coverage and stage unresolved; unknown subtype is not evidence of known unregistered work."
2026-09-01,35,OBS-21,EXC,13:27,13:29,2,,EXCLUDE_EXC,VALID,Carried from episode-level enrichment,"The supplier question originated in Sales, but its content is absent. Preserve the corrected 13:27-13:29 interval and original EXC; do not infer stage or specific task from the participants."
2026-09-01,36,OBS-22,PO,13:29,13:50,21,Ordering,INCLUDE,VALID,Carried from episode-level enrichment,"Determining what to order and creating a PO establish ordering purpose. Task 17 is a supported probable fit for the combined episode, but the assessed inputs and internal actions are not specified. Do not assign the full Tasks 6-17 range, approval/release steps or a task-duration split; MAXOBS remains unknown."
2026-09-01,37,OBS-23,PO,13:50,13:53,3,Ordering,INCLUDE,VALID,Carried from episode-level enrichment,"One PO is created, establishing ordering purpose and probable order preparation under Task 17. Creation alone does not establish authorization, Fiatteren, release, supplier forwarding or separately timed system generation. Preserve MAXOBS=? rather than treating it as no MAX."
2026-09-01,38,OBS-24,PO,13:53,13:54,1,Ordering,INCLUDE,VALID,Carried from episode-level enrichment,"Initial PO-creation segment precedes the explicitly recorded OBS-25 interruption and later resumption. Map probable Task 17 within ordering, with no inferred approval steps, extra interruption time or MAX result."
2026-09-01,39,OBS-25,REQ,—,—,,Ordering,REVIEW_SCOPE,VALID,Open: observer to decide scope,"Phone intake concerns an existing PO and leads directly to its adjustment, supporting probable ordering context. The amendment reason is absent, so routine preparation versus excluded aftercare is unresolved. It is not established as new purchasing-need intake; duration remains absent."
2026-09-01,40,OBS-25,PO,13:54,13:55,1,Ordering,REVIEW_SCOPE,VALID,Open: observer to decide scope,"Adjustment of an existing PO establishes ordering activity and probably overlaps Task 17, but the reason is absent. Normal preparation versus excluded exception/cancellation rework cannot be separated. Keep the one recorded minute and judgement flag without eligible minutes or inferred MAX/HOLD outcome."
2026-09-01,41,OBS-24,PO,13:55,13:57,2,Ordering,INCLUDE,VALID,Carried from episode-level enrichment,The source explicitly resumes and completes OBS-24 PO creation. Preserve this separate two-minute segment after the interruption and probable Task 17; do not count OBS-25 time as part of this case or infer approval/release steps.
2026-09-01,42,OBS-26,PO,13:57,13:58,1,Ordering,INCLUDE,VALID,Carried from episode-level enrichment,"One PO is created, supporting probable Task 17 and confident ordering purpose. No specific authorization, approval, release or system-generation action is separately evidenced; MAXOBS remains unknown."
2026-09-01,43,OBS-27,PO,13:58,14:03,5,Ordering,INCLUDE,VALID,Carried from episode-level enrichment,"One PO is created, supporting probable Task 17 and confident ordering purpose. The later MAX/HOLD episode is separate; do not import its later actions into these five minutes or infer approval/release steps."
2026-09-01,44,OBS-28,PO,14:03,14:05,2,Ordering,INCLUDE,VALID,Carried from episode-level enrichment,"One PO is created, supporting probable Task 17 and confident ordering purpose. Preserve MAXOBS=? and do not infer authorization or release tasks from creation alone."
2026-09-01,45,OBS-23,PO,14:05,14:09,4,Ordering,INCLUDE,VALID,Carried from episode-level enrichment,"HOLD is observed, which provisionally matches the hold/proceed task. The MAX check, exact HOLD cues and intervening assessment are not captured; do not add Tasks 7, 8 or 10 or treat all four minutes as pure decision time."
2026-09-01,46,OBS-24,PO,14:09,14:11,2,Ordering,INCLUDE,VALID,Carried from episode-level enrichment,"MAX occurrence and HOLD are explicit, providing probable coverage by the MAX-check and hold/proceed tasks. ADD/NONE and detailed assessment cues are absent, so do not infer Task 9 or a separately evidenced Task 8/10 sequence. Preserve the combined two-minute interval once."
2026-09-01,47,OBS-26,PO,14:11,14:12,1,Ordering,INCLUDE,VALID,Carried from episode-level enrichment,"MAX occurrence and HOLD are recorded, supporting probable MAX-check/hold coverage. The consolidation result and assessment cues remain unknown. Keep one combined minute without task or decision-time subdivision."
2026-09-01,48,OBS-29,PO,14:12,14:17,5,Ordering,INCLUDE,VALID,Carried from episode-level enrichment,"MAX occurred and two lines were explicitly added to five original lines, supporting MAX-check/consolidation coverage. Preserve seven total lines and the interruption; final ORD/HOLD is absent, so no Task 11 outcome or separately timed Task 17/decision is inferred."
2026-09-01,49,OBS-27,PO,14:17,14:19,2,Ordering,INCLUDE,VALID,Carried from episode-level enrichment,"MAX, four added lines and HOLD are explicit in one two-minute ordering episode. Preserve 23 original and 27 total lines and the coexistence of ADD with HOLD. Task coverage is probable because the detailed search/assessment boundaries and HOLD cues are absent; no time split or additional Task 10 is invented."
2026-09-01,50,OBS-30,PO,14:20,14:21,1,Ordering,INCLUDE,VALID,Carried from episode-level enrichment,"MAX occurrence, eight original lines, fifteen total lines and HOLD are recorded. Preserve these facts without converting the arithmetic increase into an explicitly observed MAX=ADD result or assigning Task 9. MAX-check/hold coverage is probable; the one-minute episode remains combined."
2026-09-08,1,OBS-01,EXC,10:30,10:37,7,Follow-up and evaluation,EXCLUDE_EXC,VALID,Carried from episode-level enrichment,"An order problem is recorded without its nature, purchasing control point or observed response; EXC alone cannot establish an activity subtype."
2026-09-08,2,OBS-01,SEND,10:37,10:39,2,Follow-up and evaluation,REVIEW_SCOPE,VALID,Open: observer to decide scope,SEND has no content or recipient. Neither supplier-PO forwarding nor cancellation handling is established for this separate episode.
2026-09-08,3,OBS-02,EXC,10:39,10:41,2,Follow-up and evaluation,EXCLUDE_EXC,VALID,Carried from episode-level enrichment,Finance unpaid describes a problem without a recorded investigation or control action; do not infer an invoice discrepancy investigation.
2026-09-08,4,OBS-01,SEND,10:41,10:42,1,Follow-up and evaluation,EXCLUDE_AFTERCARE,VALID,Carried from episode-level enrichment,"Email drafting probably forms part of cancellation handling, but its content and purchasing-stage purpose remain unrecorded. Do not substitute a supplier-send or PO-amendment category."
2026-09-08,5,OBS-01,OTHER,10:42,10:46,4,Follow-up and evaluation,EXCLUDE_AFTERCARE,VALID,Carried from episode-level enrichment,"Discussion with Johan is probably cancellation-related; the recorded discussion does not establish a catalogued order amendment, confirmation check or other specific action."
2026-09-08,6,OBS-01,SEND,10:46,10:50,4,Follow-up and evaluation,EXCLUDE_AFTERCARE,VALID,Carried from episode-level enrichment,"Attempted component cancellation is explicit, but no catalogued stage-specific action is established by the communication alone. Preserve the known cancellation subtype in this reason and the unresolved stage."
2026-09-08,7,OBS-03,REQ-mail,/,/,,Ordering,REVIEW_SCOPE,VALID,Open: observer to decide scope,The transport-related email request could concern purchasing a service or logistics execution. Its requirement-definition versus defined-order purpose is unresolved.
2026-09-08,8,OBS-03,CLAR,10:51,10:53,2,Ordering,REVIEW_SCOPE,VALID,Open: observer to decide scope,The CLAR row has no explanatory action. Transport case context does not identify a specific activity.
2026-09-08,9,OBS-03,PO,10:53,10:55,2,Ordering,REVIEW_SCOPE,VALID,Open: observer to decide scope,"The one-line transport PO episode probably concerns order preparation. The transport-service versus logistics scope question remains separate, and the recorded price does not prove price checking."
2026-09-08,10,OBS-04,SEND,10:55,10:57,2,Not applicable,EXCLUDE_LOGISTICS,VALID,Carried from episode-level enrichment,"Supplier and colleague emails followed by collection support pickup coordination. Against the separately corrected UNKNOWN stage, this does not establish purchasing-order monitoring or supplier-PO sending."
2026-09-08,11,OBS-03,SEND,10:57,10:59,2,Ordering,REVIEW_SCOPE,VALID,Open: observer to decide scope,SEND purpose is absent. The transport case does not establish what was communicated or whether an order was sent.
2026-09-08,12,OBS-05,EXC,10:59,11:05,6,,EXCLUDE_EXC,VALID,Carried from episode-level enrichment,"The episode combines a supplier call asking when and why with forwarding information to a colleague, but the object of the enquiry is absent. No coherent stage-specific activity or distinct supported category combination can be assigned."
2026-09-08,13,OBS-06,OTHER,11:06,11:10,4,,REVIEW_SCOPE,VALID,Open: observer to decide scope,Discussion with Dennis and a decision to call Kayne are recorded without their purchasing purpose or subject.
2026-09-08,14,OBS-06,EXC,11:10,11:17,7,,EXCLUDE_EXC,VALID,Carried from episode-level enrichment,"Two calls and referral to another colleague are recorded, but the investigation subject and purchasing-stage purpose are unspecified."
2026-09-08,15,OBS-06,SEND,11:17,11:18,1,,EXCLUDE_AFTERCARE,VALID,Carried from episode-level enrichment,Attempting to call Rudi and then writing email continues documented exception handling. Its question content does not identify a catalogued activity.
2026-09-08,16,OBS-01,SEND,/,/,,Follow-up and evaluation,EXCLUDE_AFTERCARE,VALID,Carried from episode-level enrichment,"Cancellation approval/response is recorded as an untimed occurrence. It does not establish an observed buyer order amendment, new request or supplier-PO send."
2026-09-08,17,OBS-01,PO,11:18,11:22,4,Follow-up and evaluation,EXCLUDE_AFTERCARE,VALID,Carried from episode-level enrichment,"The source explicitly records adjustment of the corresponding PO after cancellation approval. The stage-specific amendment classification remains provisional consistently with the retained VW4/P interpretation. No authorization or release action is added, and aftercare exclusion is retained."
2026-09-08,18,OBS-03,OTHER,11:22,11:23,1,Ordering,REVIEW_SCOPE,VALID,Open: observer to decide scope,"Organize does not identify the object, action subtype or purchasing purpose."
2026-09-08,19,OBS-07,EXC,11:23,11:25,2,Follow-up and evaluation,EXCLUDE_EXC,VALID,Carried from episode-level enrichment,"Binnenboeken suggests booking/receipt administration, but the object being booked is unspecified. No master-data, PO or confirmation action is established."
2026-09-08,20,OBS-08,REQ-letter,/,/,,,INCLUDE,VALID,Carried from episode-level enrichment,The letter request is recorded without evidence that requirements were being established or an already defined order was being prepared.
2026-09-08,21,OBS-08,CHECK,11:25,11:28,3,Ordering,INCLUDE,VALID,Carried from episode-level enrichment,"Comparing a physical quotation with a website is explicit, but supplier selection, pre-release price control and confirmation comparison are not established. Preserve price comparison as the known subtype without choosing a stage-specific category."
2026-09-08,22,OBS-08,OTHER,11:28,11:34,6,Specification,INCLUDE,VALID,Carried from episode-level enrichment,"Checking fittings and deciding to hand work to Dennis are recorded, but requirement definition versus validation for an already defined order remains unresolved. The handoff does not establish a second catalogued activity."
2026-09-08,23,OBS-09,REQ-mail,/,/,,Ordering,INCLUDE,VALID,Carried from episode-level enrichment,"An email photo of a requested component establishes request intake, but the specification-versus-defined-order purpose is unrecorded."
2026-09-08,24,OBS-09,CLAR,11:34,11:36,2,Ordering,INCLUDE,VALID,Carried from episode-level enrichment,The description of the clarification is absent; nearby component-photo intake provides only probable validation context without resolving its activity purpose.
2026-09-08,25,OBS-09,OTHER,11:36,11:40,4,Ordering,INCLUDE,VALID,Carried from episode-level enrichment,Update it in Exact leaves the record type and fields unknown. Do not label this master-data maintenance or PO amendment merely from the software used.
2026-09-08,26,OBS-10,OTHER,11:40,11:44,4,Supplier selection,EXCLUDE_AFTERCARE,VALID,"To confirm: enrichment excluded it, reviewed stage is Supplier selection","The source explicitly combines finding a replacement supplier, requesting creation of its supplier record and updating the component supplier. These are supplier search/choice and master-data administration in one interval. The separately corrected overall stage is UNKNOWN because the administration has no established purchasing stage; no PO amendment or time split is inferred."
2026-09-08,27,OBS-10,PO,11:44,11:46,2,Ordering,EXCLUDE_AFTERCARE,VALID,"To confirm: enrichment excluded it, reviewed stage is Ordering","The two-line PO episode probably prepares the replacement order, based on the documented supplier replacement and later removal from the old PO. No approval, release or MAX steps are inferred."
2026-09-08,28,OBS-10,SEND,11:47,11:49,2,Ordering,REVIEW_SCOPE,VALID,Open: observer to decide scope,SEND has no purpose or recipient; replacement-supplier context alone does not establish supplier-PO forwarding or another catalogued action.
2026-09-08,29,OBS-10,OTHER,11:49,11:50,1,Ordering,EXCLUDE_AFTERCARE,VALID,"To confirm: enrichment excluded it, reviewed stage is Ordering",Removal of the component from the old PO is an explicit order amendment. Preserve replacement-aftercare scope; do not describe unobserved supplier search or approval in this minute.
2026-09-08,30,OBS-11,PO,11:51,11:53,2,Ordering,INCLUDE,VALID,Carried from episode-level enrichment,"The source explicitly combines an item with an existing PO. This supports consolidation within the grouped activity, without asserting a preceding same-supplier MAX search, stock assessment or HOLD/proceed decision."
2026-09-08,31,OBS-12,PO,11:55,11:58,3,Ordering,INCLUDE,VALID,Carried from episode-level enrichment,"The note explicitly continues the preceding consolidation pattern, with four added lines and twelve total. Classify the observed combining only; no additional MAX steps or task-time split are implied."
2026-09-08,32,OBS-13,PO,11:58,12:00,2,Ordering,INCLUDE,VALID,Carried from episode-level enrichment,Only PO family and timing are recorded. No specific buyer action can be named from that family alone.
2026-09-08,33,OBS-14,PO,12:00,12:02,2,Ordering,INCLUDE,VALID,Carried from episode-level enrichment,"PO generated establishes ordering context, but the buyer preparation, amendment or release action within the interval is unspecified. Do not count automatic document generation as the buyer activity."
2026-09-08,34,OBS-15,PO,12:02,12:04,2,Ordering,INCLUDE,VALID,Carried from episode-level enrichment,"PO generated establishes ordering context without identifying the buyer action. No authorization, approval, release or system activity is reconstructed."
2026-09-08,35,OBS-16,PO,12:04,12:06,2,,INCLUDE,EXCLUDE_CONTAMINATED,Carried from episode-level enrichment,The observer explicitly excluded OBS-16 as contaminated and could not reliably identify its work. Do not assign an activity from PO alone.
2026-09-08,36,OBS-16,PO,12:06,12:13,7,,INCLUDE,EXCLUDE_CONTAMINATED,Carried from episode-level enrichment,The second OBS-16 interval shares the explicit contamination exclusion; action details remain unreliable and no activity is reconstructed.
2026-09-08,37,OBS-17,PO,12:14,12:15,1,Ordering,INCLUDE,VALID,Carried from episode-level enrichment,"One line was explicitly added to the PO, supporting order completion/amendment. Added lines alone do not establish a consolidation search or decision."
2026-09-08,38,OBS-18,PO,12:15,12:16,1,Ordering,INCLUDE,VALID,Carried from episode-level enrichment,"This interrupted PO episode resumes with explicit line addition, supporting probable order preparation. Its own action details are not recorded, and no interruption duration is invented."
2026-09-08,39,OBS-19,EXC,12:16,12:19,3,Follow-up and evaluation,EXCLUDE_EXC,VALID,Carried from episode-level enrichment,Answering Dennis is recorded without the subject of the answer; the EXC family does not supply an activity subtype.
2026-09-08,40,OBS-18,PO,12:19,12:20,1,Ordering,INCLUDE,VALID,Carried from episode-level enrichment,"Three lines were explicitly added to the PO on resumption. Classify the observed order completion only, retaining the five-line resulting volume and no inferred MAX sequence."
2026-09-08,41,OBS-20,PO,12:20,12:21,1,Ordering,INCLUDE,VALID,Carried from episode-level enrichment,Four lines were explicitly added to the PO. This supports order amendment/completion; a separate demand-consolidation search is not established.
2026-09-08,42,OBS-21,PO,12:21,12:23,2,Ordering,INCLUDE,VALID,Carried from episode-level enrichment,"Four lines were explicitly added to the PO, resulting in twenty-two total lines. Do not infer a full MAX or order-timing decision sequence."
2026-09-18,1,OBS-01,CHECK,10:30,10:38,8,Monitoring,INCLUDE,VALID,Carried from episode-level enrichment,"The case clarification explicitly identifies order-confirmation checking. Only the observed eight-minute segment is recorded; no correction, archiving or complete-episode duration is inferred."
2026-09-18,2,OBS-02,REQ-phone,/,/,,Monitoring,INCLUDE,VALID,Carried from episode-level enrichment,"Kayne requests price-mismatch information rather than a new purchase, but the enquiry does not establish its price sources or purchasing control point."
2026-09-18,3,OBS-02,CLAR,10:38,10:43,5,Monitoring,INCLUDE,VALID,Carried from episode-level enrichment,"The price-mismatch enquiry is explicit, while its comparison sources and pre/post-order purpose remain unknown. Do not classify it as pre-release checking or confirmation processing."
2026-09-18,4,OBS-03,REQ-phone,[crossed out],/,,Follow-up and evaluation,EXCLUDE_AFTERCARE,VALID,Carried from episode-level enrichment,The phone intake is linked to the existing-order delivery change and open-invoice enquiry immediately following it. Monitoring-related intake is probable; no duration or separate invoice investigation is inferred.
2026-09-18,5,OBS-03,OTHER/EXC,10:43,10:46,3,Follow-up and evaluation,EXCLUDE_EXC,VALID,Carried from episode-level enrichment,"Supplier contact concerns an existing-order delivery change linked to an open invoice, provisionally supporting delivery-commitment follow-up. No Finance-returned discrepancy investigation is established."
2026-09-18,6,OBS-01,CHECK,10:47,10:52,5,Monitoring,INCLUDE,VALID,Carried from episode-level enrichment,"This same-case check probably resumes the explicitly identified order-confirmation work. The compared document is not independently identified in this row, so confidence remains provisional."
2026-09-18,7,OBS-01,OTHER,10:52,10:54,2,Monitoring,INCLUDE,VALID,Carried from episode-level enrichment,Attaching a file to Exact follows the confirmation checks and probably archives the confirmation. The file identity and any Bevestigd update are not explicit.
2026-09-18,8,OBS-01,SEND,10:54,10:56,2,Monitoring,EXCLUDE_AFTERCARE,VALID,"To confirm: enrichment excluded it, reviewed stage is Monitoring","The buyer explicitly asks whether items on an existing PO can arrive sooner. This is delivery expediting, retaining its excluded aftercare scope."
2026-09-18,9,OBS-01 (2026-08-31),[uncertain],10:58,10:59,1,Monitoring,REVIEW_SCOPE,VALID,Open: observer to decide scope,Calculator use and closing a tab do not identify the calculation or task. Preserve the earlier 31 August case identity without assigning a checking subtype.
2026-09-18,10,OBS-04,REQ-mail,/,/,,Ordering,INCLUDE,VALID,Carried from episode-level enrichment,"The email request concerns six flags with an existing quotation, supporting probable intake of a defined purchasing need. The occurrence remains untimed."
2026-09-18,11,OBS-04,PO,10:59,11:02,3,Ordering,INCLUDE,VALID,Carried from episode-level enrichment,"The buyer explicitly creates a PO for six flags. The missing quotation and decision to leave the issue to Johan do not establish approval routing, release or HOLD."
2026-09-18,12,OBS-04,SEND,/,/,,Ordering,INCLUDE,VALID,Carried from episode-level enrichment,"The untimed SEND has no recipient or content, and the flags matter was left to Johan. Neither supplier-PO sending nor approval routing is established."
2026-09-18,13,OBS-05,REQ-mail,/,/,,Ordering,EXCLUDE_AFTERCARE,VALID,"To confirm: enrichment excluded it, reviewed stage is Ordering","The email concerns unavailable items on an existing order, provisionally supporting intake of a fulfilment/availability issue. It is not a new purchasing requirement."
2026-09-18,14,OBS-05,CLAR,11:05,11:06,1,Ordering,REVIEW_SCOPE,VALID,Open: observer to decide scope,This CLAR has no description. The surrounding unavailability case is insufficient to identify its action or purpose; preserve the blank decision field.
2026-09-18,15,OBS-06,OTHER,11:06,11:11,5,Monitoring,REVIEW_SCOPE,VALID,Open: observer to decide scope,"Certification scheduling, finding information and forwarding it are described, but service-order preparation versus service-delivery coordination remains unresolved. Do not select a stage-specific category or allocate parts of the interval."
2026-09-18,16,OBS-06,SEND,[crossed out],/,,Monitoring,REVIEW_SCOPE,VALID,Open: observer to decide scope,The certification communication has no sufficiently resolved purchasing purpose. Within one minute is not an exact duration and does not establish a supplier-PO send.
2026-09-18,17,OBS-07,CHECK,11:11,11:15,4,Monitoring,INCLUDE,VALID,Carried from episode-level enrichment,"A check concerns a multi-component article order, but neither the checked field nor its pre/post-order purpose is known."
2026-09-18,18,OBS-08,REQ-phone,/,/,,Not applicable,EXCLUDE_LOGISTICS,VALID,Carried from episode-level enrichment,"The intake belongs to warehouse availability and collection coordination, without an evidenced purchasing-order purpose or matching catalogued purchasing activity."
2026-09-18,19,OBS-08,CLAR,11:15,11:17,2,Not applicable,EXCLUDE_LOGISTICS,VALID,Carried from episode-level enrichment,"Finding existing warehouse pieces for collection is logistics coordination, not a demonstrated assessment of demand for a new purchasing order."
2026-09-18,20,OBS-08,CLAR,11:17,11:19,2,Not applicable,EXCLUDE_LOGISTICS,VALID,Carried from episode-level enrichment,The call establishes existing pieces available for collection. It does not establish purchasing-order monitoring or demand allocation under an observed ordering decision.
2026-09-18,21,OBS-08,CLAR,11:19,11:20,1,Not applicable,EXCLUDE_LOGISTICS,VALID,Carried from episode-level enrichment,The buyer forwards warehouse-availability information as collection coordination; this is not supplier-PO forwarding and no purchasing stage is established.
2026-09-18,22,OBS-08,CLAR,11:20,11:22,2,Not applicable,EXCLUDE_LOGISTICS,VALID,Carried from episode-level enrichment,The instruction prepares three existing pieces for collection. Keep the logistics subtype explicit without substituting a purchasing-stage activity.
2026-09-18,23,OBS-02,OTHER,11:23,11:25,2,Monitoring,INCLUDE,VALID,Carried from episode-level enrichment,"The buyer explicitly attaches the order confirmation to the PO. This is confirmation archiving only; Bevestigd, correction and goods receipt are not inferred."
2026-09-18,24,OBS-05,EXC,11:25,11:31,6,Ordering,EXCLUDE_EXC,VALID,Carried from episode-level enrichment,"Unavailability and possible dropping of items from an existing order provisionally support fulfilment-availability follow-up. Actual removal, a new supplier choice and a task-duration split are not established."
2026-09-18,25,OBS-09,PO,11:31,11:35,4,Ordering,REVIEW_SCOPE,VALID,Open: observer to decide scope,One PO is prepared with original lines and an unavailable-item replacement. This is one order-preparation activity with mixed unresolved eligibility; task IDs 17 and 31 do not require separate activity categories or division by line count.
2026-09-18,26,OBS-10,REQ-exact,/,/,,Ordering,INCLUDE,VALID,Carried from episode-level enrichment,Exact intake is linked to the subsequent documented preparation of an already defined order. No separate navigation or demand-decision task is inferred.
2026-09-18,27,OBS-10,PO,11:35,11:42,7,Ordering,INCLUDE,VALID,Carried from episode-level enrichment,"Preparing the required drawings for attachment and identifying missing drawings complete information needed for this defined order. No specific PO-field entry, successful attachment, authorization or release is established."
2026-09-18,28,OBS-10,CLAR,11:42,11:44,2,Ordering,INCLUDE,VALID,Carried from episode-level enrichment,"The buyer retrieves missing drawings and asks the engineer for them to complete an already defined order. This is information completion, not definition of new technical requirements."
2026-09-18,29,OBS-11,REQ-exact,/,/,,Ordering,INCLUDE,VALID,Carried from episode-level enrichment,"Exact intake leads to this case's documented PO preparation, supporting probable receipt of a defined purchasing request. The intake is untimed."
2026-09-18,30,OBS-11,PO,11:46,11:48,2,Ordering,INCLUDE,VALID,Carried from episode-level enrichment,A line is explicitly added during PO preparation. This supports order completion without establishing the full same-supplier MAX process.
2026-09-18,31,OBS-11,CLAR,11:48,11:52,4,Ordering,INCLUDE,VALID,Carried from episode-level enrichment,"Obtaining information from colleagues includes discussion of the drawing for the other defined order. Probable information completion is retained for the inseparable four-minute episode, without allocation by case or task."
2026-09-18,32,OBS-13,PO,11:52,11:55,3,Ordering,REVIEW_SCOPE,VALID,Open: observer to decide scope,"The PO row and case note support probable order preparation, but initial demand versus an existing availability response remains a scope question. No specific HOLD or approval action is inferred from the decision flag."
2026-09-18,33,OBS-13,SEND,11:56,11:58,2,Ordering,REVIEW_SCOPE,VALID,Open: observer to decide scope,"A SEND episode follows same-case order work, but the document, recipient and purpose are unrecorded. Prior stage/scope judgments remain visible; they do not establish supplier-PO sending. Apply the same evidence threshold as other blank SEND rows."
2026-09-18,34,OBS-09,SEND,11:58,11:59,1,Ordering,REVIEW_SCOPE,VALID,Open: observer to decide scope,"A SEND episode follows same-case order work, but the document, recipient and purpose are unrecorded. Prior stage/scope judgments remain visible; they do not establish supplier-PO sending. Apply the same evidence threshold as other blank SEND rows."
2026-09-18,35,OBS-03,EXC,11:59,12:01,2,Monitoring,EXCLUDE_EXC,VALID,Carried from episode-level enrichment,The supplier assurance about avoiding another delay is probable delivery-commitment follow-up. No invoice investigation or supplier-performance evaluation is established.
2026-09-18,36,OBS-03,CHECK,12:01,12:08,7,Monitoring,INCLUDE,VALID,Carried from episode-level enrichment,"Explicit post-order price checking probably concerns confirmation comparison, but the compared documents are unspecified. Do not assert confirmation identity, correction or archiving."
2026-09-18,37,OBS-09,CHECK,12:08,12:13,5,Monitoring,INCLUDE,VALID,Carried from episode-level enrichment,"This separate post-order price check provisionally fits confirmation processing. The source does not identify its compared documents, and the earlier mixed-scope PO does not dictate this episode's eligibility."
2026-09-18,38,OBS-11,CHECK,12:15,12:17,2,Monitoring,INCLUDE,VALID,Carried from episode-level enrichment,"The post-order price check is provisionally classified as confirmation processing. No confirmation document, correction or archiving step is expressly named."
2026-09-18,39,OBS-12,EXC,12:17,12:18,1,Not applicable,EXCLUDE_EXC,VALID,Carried from episode-level enrichment,"The buyer tries to determine whether a received item belongs to production, sales or VRD. Against the separately corrected UNKNOWN stage, receipt alone does not prove a purchasing discrepancy, post-receipt corrective action or Toewijzen."
2026-09-18,40,OBS-10,SEND,12:19,12:21,2,Ordering,INCLUDE,UNCERTAIN,To confirm: timing quality uncertain in enrichment,"The SEND-labelled row records receiving a drawing, without identifying active buyer handling. Keep the activity unresolved and the existing quality uncertainty; do not classify supplier-PO sending or count receipt as buyer work."
2026-09-18,41,OBS-10,CLAR,12:21,12:25,4,Ordering,INCLUDE,VALID,Carried from episode-level enrichment,The buyer checks completeness of the drawing and its information for an already defined PO. This completes request information; it is not observed development of new requirements or a documented finished-order pre-release control.
2026-09-18,42,OBS-14,EXC,13:08,13:10,2,Not applicable,EXCLUDE_EXC,VALID,Carried from episode-level enrichment,Discussing collection is logistics-related coordination. It does not establish supplier-order monitoring or a completed-receipt discrepancy.
2026-09-18,43,OBS-15,EXC,13:10,13:12,2,Follow-up and evaluation,EXCLUDE_EXC,VALID,Carried from episode-level enrichment,"A certificate is attached to a PO, but its transaction purpose is unknown. It is neither a supplier confirmation nor clearly article/supplier master-data maintenance."
2026-09-18,44,OBS-16,REQ-mail,/,/,,Monitoring,EXCLUDE_AFTERCARE,VALID,"To confirm: enrichment excluded it, reviewed stage is Monitoring","The email explicitly requests status of existing POs. This is order-status follow-up intake, not receipt of a new purchasing need."
2026-09-18,45,OBS-16,EXC,13:12,13:17,5,Monitoring,EXCLUDE_EXC,VALID,Carried from episode-level enrichment,Checking existing PO delivery status and forwarding that information are explicit monitoring actions. Expected receipt of an item is not treated as confirmed receipt.
2026-09-18,46,OBS-17,EXC,13:17,13:23,6,Monitoring,EXCLUDE_EXC,VALID,Carried from episode-level enrichment,"The interval combines delivery follow-up with discussion of a wrong-size/revision issue. Monitoring is probable, but the revision interpretation and actual receipt remain uncertain; no separate post-receipt category or time split is asserted."
2026-09-18,47,OBS-18,SEND,13:23,13:26,3,Ordering,INCLUDE,VALID,Carried from episode-level enrichment,"An approved PO is explicitly forwarded, but the recipient is not named. Supplier sending remains provisional, and Johan's approval is not included as Arno's activity."
2026-09-18,48,OBS-19,CLAR,13:27,13:37,10,Supplier selection,INCLUDE,VALID,Carried from episode-level enrichment,"Comparing cheaper supply options and asking for a whole-pallet price provisionally support supplier comparison. This does not establish a final supplier choice, award, negotiated price or contract."
2026-09-18,49,OBS-19,SEND,/,/,,Supplier selection,INCLUDE,VALID,Carried from episode-level enrichment,"The untimed SEND belongs to the supplier-price comparison enquiry. Its exact content and recipient are not repeated, so selection-related communication remains provisional."
2026-09-18,50,OBS-20,SEND,13:40,13:41,1,Ordering,INCLUDE,VALID,Carried from episode-level enrichment,"The SEND row concerns an approved PO, supporting probable supplier-order sending. The recipient and action details are omitted; approval itself was another person's action."
2026-09-18,51,OBS-21,REQ-exact,/,/,,Ordering,INCLUDE,VALID,Carried from episode-level enrichment,Exact intake is linked to defined-demand PO/MAX processing. No separate Exact navigation or demand decision is inferred from the untimed intake.
2026-09-18,52,OBS-21,PO,13:42,13:43,1,Ordering,INCLUDE,VALID,Carried from episode-level enrichment,"The case explicitly links MAX with this PO episode and added demand, supporting probable consolidation and PO preparation together. The grouped demand category does not assert a HOLD/proceed decision; retain the single minute once."
2026-09-18,53,OBS-21,CLAR,13:43,13:44,1,Ordering,INCLUDE,VALID,Carried from episode-level enrichment,The CLAR description is blank. Its position between order steps suggests an ordering stage but does not identify the particular activity.
2026-09-18,54,OBS-21,PO,13:44,13:45,1,Ordering,INCLUDE,VALID,Carried from episode-level enrichment,PO preparation probably continues between this order's documented steps. An unchanged line count does not establish a fresh MAX search or decision.
2026-09-18,55,OBS-21,CLAR,13:45,13:47,2,Ordering,INCLUDE,VALID,Carried from episode-level enrichment,"Checking item information and writing it down for the order provisionally complete information for defined demand. Waiting for fiatteren is context; no observed waiting interval, routing action or finished-order pre-check is inferred."
2026-09-18,56,OBS-21,PO,13:47,13:51,4,Ordering,INCLUDE,VALID,Carried from episode-level enrichment,"Another two lines are added within the documented MAX/PO case, supporting probable demand consolidation combined with PO preparation. No fresh search or order-timing decision is asserted, and four minutes remain one interval."
2026-09-18,57,OBS-22,REQ-exact,/,/,,Ordering,INCLUDE,VALID,Carried from episode-level enrichment,The Exact intake belongs to subsequent specified PO/MAX work and is probable defined-request intake. It remains untimed.
2026-09-18,58,OBS-22,PO,13:51,13:52,1,Ordering,INCLUDE,VALID,Carried from episode-level enrichment,MAX and adding three lines to three original lines occur within one PO-preparation episode. Keep consolidation and PO preparation as a combined activity; no post-MAX outcome or division of the minute is invented.
2026-09-18,59,OBS-22,SEND,13:56,13:58,2,Ordering,INCLUDE,VALID,Carried from episode-level enrichment,"A SEND episode follows same-case order work, but the document, recipient and purpose are unrecorded. Prior stage/scope judgments remain visible; they do not establish supplier-PO sending. Apply the same evidence threshold as other blank SEND rows."
2026-09-18,60,OBS-23,REQ-exact,/,/,,Ordering,INCLUDE,VALID,Carried from episode-level enrichment,The Exact intake precedes the defined PO/MAX attempt and probably receives defined demand. No duration or MAX outcome is added.
2026-09-18,61,OBS-23,PO,13:52,13:53,1,Ordering,INCLUDE,VALID,Carried from episode-level enrichment,"An unsuccessful MAX attempt is documented during PO preparation, supporting the grouped demand/MAX activity and PO preparation together. Failure does not establish MAX=NONE, HOLD or separately timed assessment steps."
2026-09-18,62,OBS-23,SEND,13:59,14:00,1,Ordering,INCLUDE,VALID,Carried from episode-level enrichment,"A SEND episode follows same-case order work, but the document, recipient and purpose are unrecorded. Prior stage/scope judgments remain visible; they do not establish supplier-PO sending. Apply the same evidence threshold as other blank SEND rows."
2026-09-18,63,OBS-24,REQ-exact,[crossed out],/,,Ordering,INCLUDE,VALID,Carried from episode-level enrichment,The Exact intake belongs to the subsequent defined PO/MAX attempt. The crossed-out start remains without an inferred duration.
2026-09-18,64,OBS-24,PO,13:54,13:56,2,Ordering,INCLUDE,VALID,Carried from episode-level enrichment,"An unsuccessful MAX attempt occurs during PO preparation. Keep the grouped MAX work and PO preparation combined, without inferring the failure reason, ADD/NONE result, HOLD/proceed decision or time split."
2026-09-18,65,OBS-25,EXC,14:00,14:01,1,Follow-up and evaluation,EXCLUDE_EXC,VALID,Carried from episode-level enrichment,Only the EXC family and one-minute interval are recorded; neither establishes an activity subtype.
2026-09-18,66,OBS-21,CHECK,14:02,14:22,20,Ordering,INCLUDE,VALID,Carried from episode-level enrichment,"A pre-release/pre-order check with one mismatch is explicit. The checked field is unknown, so this category means checking only; no price comparison, correction or twenty-minute decision is asserted."
2026-09-18,67,OBS-21,OTHER,/,/,,Ordering,INCLUDE,VALID,Carried from episode-level enrichment,"Further approval is required, but no buyer authorization check, routing, order continuation or release action is established. Preserve the untimed requirement as context rather than inventing activity."
2026-09-18,68,OBS-26,EXC,14:23,14:26,3,Follow-up and evaluation,EXCLUDE_EXC,VALID,Carried from episode-level enrichment,"A missing-certificate issue is investigated, but its transaction position and relevant purchasing purpose are unknown. Do not equate a certificate with a supplier confirmation or infer a received-item discrepancy."
2026-09-18,69,OBS-26,EXC,14:26,14:34,8,Follow-up and evaluation,EXCLUDE_EXC,VALID,Carried from episode-level enrichment,"The buyer explains the certificate issue to a project manager and contacts the supplier. The mixed communication has an unresolved transaction purpose, so no single stage-specific activity or artificial time division is assigned."
2026-09-18,70,OBS-27,REQ-phone,/,/,,Monitoring,EXCLUDE_AFTERCARE,VALID,"To confirm: enrichment excluded it, reviewed stage is Monitoring","The phone intake is linked to the documented backorder enquiry, provisionally supporting order-status follow-up. It is not a new purchasing request and has no recorded duration."
2026-09-18,71,OBS-27,EXC,14:36,14:39,3,Monitoring,EXCLUDE_EXC,VALID,Carried from episode-level enrichment,"The backorder note provisionally supports order-status/delivery follow-up. The recorded future date is context, not proof of delivery."
2026-09-18,72,OBS-28,CLAR,14:41,14:44,3,,INCLUDE,VALID,Carried from episode-level enrichment,"Retrieving the relevant quotation is explicit. Its intended purchasing decision and stage remain unresolved; retrieval alone does not establish supplier selection, negotiation or order preparation."
2026-09-18,73,OBS-29,CHECK,14:44,14:50,6,Monitoring,INCLUDE,VALID,Carried from episode-level enrichment,"The buyer checks quantity-related purchase-price differences and purchase versus sales price, but the comparison sources and control point are unknown. Keep the pricing subtype explicit without forcing pre-release, confirmation or invoice-discrepancy work."
2026-09-18,74,OBS-29,EXC,14:50,14:55,5,Monitoring,EXCLUDE_EXC,VALID,Carried from episode-level enrichment,"Taking and saving screenshots documents a price difference, but its purchasing-stage purpose is unknown. This is not demonstrated master-data maintenance, confirmation archiving or a separately measured price check."
2026-09-23,1,OBS-01,PO,11:03,11:06,3,Ordering,INCLUDE,VALID,Carried from episode-level enrichment,PO generation and Verrichten are explicitly observed. Broad preparation/release is clear; exact register coverage remains provisional and no separate authorization check or Fiatteren is inferred.
2026-09-23,2,OBS-02,PO,11:06,11:10,4,Ordering,INCLUDE,VALID,Carried from episode-level enrichment,"Four lines added to an existing PO. This supports amendment/completion, not an inferred MAX search, approval, dispatch or aftercare activity."
2026-09-23,3,OBS-03,PO,11:10,11:11,1,Ordering,INCLUDE,VALID,Carried from episode-level enrichment,"One line added to an existing PO. This supports amendment/completion, not an inferred MAX search, approval, dispatch or aftercare activity."
2026-09-23,4,OBS-04,PO,11:11,11:14,3,Ordering,INCLUDE,VALID,Carried from episode-level enrichment,"One line added to fifteen original lines. This supports amendment/completion, not an inferred MAX search, approval, dispatch or aftercare activity."
2026-09-23,5,OBS-04,PO,11:14,11:15,1,Ordering,INCLUDE,VALID,Carried from episode-level enrichment,"One further line added. This supports amendment/completion, not an inferred MAX search, approval, dispatch or aftercare activity."
2026-09-23,6,OBS-05,PO,11:15,11:17,2,Ordering,INCLUDE,VALID,Carried from episode-level enrichment,Only the timed PO family is recorded. Retain probable order preparation without asserting a detailed action or completed order; no excluded purpose is evidenced.
2026-09-23,7,OBS-05,CLAR,11:17,11:20,3,Ordering,INCLUDE,VALID,Carried from episode-level enrichment,"The blank CLAR follows same-case PO work, suggesting ordering provisionally. Its question and action are unspecified; do not infer requirement definition or document completion."
2026-09-23,8,OBS-02,PO,11:20,11:23,3,Ordering,INCLUDE,VALID,Carried from episode-level enrichment,"Three lines added to the same PO; unclear TUB text supplies no additional action. This supports amendment/completion, not an inferred MAX search, approval, dispatch or aftercare activity."
2026-09-23,9,OBS-06,REQ-phone,,/,,,REVIEW_SCOPE,VALID,Open: observer to decide scope,"Phone intake leads to a client question concerning Dennis, but the purchasing purpose is not recorded. Routine purchasing versus other coordination is unresolved; duration remains missing."
2026-09-23,10,OBS-06,OTHER,11:23,11:25,2,,REVIEW_SCOPE,VALID,Open: observer to decide scope,"A client asked something concerning Dennis. The subject and purchasing relevance are unspecified, so preserve the two recorded minutes under scope review rather than inventing a task."
2026-09-23,11,OBS-07,REQ-phone,/,/,,,REVIEW_SCOPE,VALID,Open: observer to decide scope,Phone intake precedes an EXC-coded service-order question. The intake purpose is not itself specified; review its link to excluded handling instead of treating it as new demand.
2026-09-23,12,OBS-07,EXC,11:25,11:33,8,,EXCLUDE_EXC,VALID,Carried from episode-level enrichment,A service-order question is recorded under original EXC. Preserve the exclusion; neither normal service purchasing nor a particular aftercare stage is established.
2026-09-23,13,OBS-07,EXC,11:34,11:36,2,,EXCLUDE_EXC,VALID,Carried from episode-level enrichment,Original EXC and blank subtype remain unchanged. Same-case context does not establish the particular question or purchasing stage.
2026-09-23,14,OBS-02,PO,11:36,11:37,1,Ordering,INCLUDE,VALID,Carried from episode-level enrichment,Entering information on a website occurs within this order-preparation case before pre-control. Broad order preparation is provisional; the website fields and exact register task are unknown.
2026-09-23,15,OBS-02,CHECK,11:37,11:40,3,Ordering,INCLUDE,VALID,Carried from episode-level enrichment,"Pre-control is explicit. Classify the control point, but do not infer the checked field, price comparison, supplier-confirmation comparison or correction."
2026-09-23,16,OBS-02,SEND,11:40,11:41,1,Ordering,INCLUDE,VALID,Carried from episode-level enrichment,"Blank SEND follows PO pre-control. Ordering context is provisional, but document, recipient and purpose are unspecified; Task 23 and supplier-PO sending are not established."
2026-09-23,17,OBS-07,EXC,11:41,11:43,2,,EXCLUDE_EXC,VALID,Carried from episode-level enrichment,An attempted call to Germaine is explicit within the EXC case. The conversation purpose is not specified. Its two-minute recorded interval overlaps the PO interval by one minute.
2026-09-23,18,OBS-03,PO,11:42,11:45,3,Ordering,INCLUDE,VALID,Carried from episode-level enrichment,"Five lines added; all three recorded minutes are retained under the supervisor-directed concurrent-activity convention, with one concurrent minute flagged separately. This supports amendment/completion, not an inferred MAX search, approval, dispatch or aftercare activity."
2026-09-23,19,OBS-08,REQ-mail,,/,,Ordering,REVIEW_SCOPE,VALID,Open: observer to decide scope,"Mail intake precedes a service-order entry. A defined purchasing request is plausible, but routine service procurement versus excluded service/aftercare processing is unresolved."
2026-09-23,20,OBS-08,CLAR,11:46,11:49,3,Ordering,REVIEW_SCOPE,VALID,Open: observer to decide scope,Attempting to ask Germaine is explicit but the subject is absent. The later service-order entry and shared supplier do not resolve scope or establish a stage-specific clarification activity.
2026-09-23,21,OBS-09,OTHER,11:49,12:01,12,Not applicable,INCLUDE,VALID,Carried from episode-level enrichment,Twelve minutes of attempting to resolve an Exact fault are recorded during purchasing work. System troubleshooting is a known register/catalog gap; retain the observed support work without calling it master-data maintenance or assigning a purchasing stage.
2026-09-23,22,OBS-08,CLAR,12:01,12:05,4,Ordering,REVIEW_SCOPE,VALID,Open: observer to decide scope,The service-order case contains a blank CLAR interval. Its purpose and routine-purchasing versus aftercare scope remain unresolved.
2026-09-23,23,OBS-08,PO,12:05,12:06,1,Ordering,REVIEW_SCOPE,VALID,Open: observer to decide scope,The source explicitly says service order. Order preparation is provisional; the record does not settle whether this is ordinary service procurement or excluded service/aftercare processing.
2026-09-23,24,OBS-08,SEND,/,/,,Ordering,REVIEW_SCOPE,VALID,Open: observer to decide scope,"Untimed SEND in the ambiguous service-order case lacks document, recipient and purpose. Preserve missing duration and unresolved scope."
2026-09-23,25,OBS-01,SEND,12:09,12:10,1,Ordering,INCLUDE,VALID,Carried from episode-level enrichment,Blank SEND relates to a case with documented PO work. Keep provisional ordering context but do not infer supplier-PO dispatch or Task 23 from the family and sequence alone.
2026-09-23,26,OBS-03,SEND,12:10,12:11,1,Ordering,INCLUDE,VALID,Carried from episode-level enrichment,Blank SEND relates to a case with documented PO work. Keep provisional ordering context but do not infer supplier-PO dispatch or Task 23 from the family and sequence alone.
2026-09-23,27,OBS-10,EXC,12:13,12:15,2,Monitoring,EXCLUDE_EXC,VALID,Carried from episode-level enrichment,"Checking the RC transport order is explicit, but its transaction position is unclear. Preserve original EXC and the logistics scope reason without expanding RC or inferring a purchase-control stage."
2026-09-23,28,OBS-11,REQ-mail,/,/,,,INCLUDE,VALID,Carried from episode-level enrichment,"Mail intake into a purchasing clarification case is recorded, but its requirement and stage are unspecified. No excluded purpose or duration is established."
2026-09-23,29,OBS-11,CLAR,12:15,12:16,1,,INCLUDE,VALID,Carried from episode-level enrichment,Blank purchasing CLAR supplies no specific task or stage. An intervening transport EXC belongs to another case and does not exclude this row.
2026-09-23,30,OBS-10,EXC,12:16,12:18,2,Monitoring,EXCLUDE_EXC,VALID,Carried from episode-level enrichment,"The clarified note explicitly concerns whether delivery would occur as expected. Delivery-commitment follow-up is supported, while original EXC and the transport/logistics context remain excluded."
2026-09-23,31,OBS-11,CLAR,12:18,12:21,3,,INCLUDE,VALID,Carried from episode-level enrichment,Pause for now is recorded within otherwise unspecified clarification. Do not convert this into a purchasing HOLD/ORD decision or infer passive waiting time.
2026-09-23,32,OBS-12,REQ-mail,/,/,,Ordering,INCLUDE,VALID,Carried from episode-level enrichment,The case note describes fresh urgent component demand followed by an attempted merge/MAX. Probable defined-request intake is retained; supplier unavailability alone does not establish excluded aftercare on a previously placed component order.
2026-09-23,33,OBS-12,PO,12:21,12:26,5,Ordering,INCLUDE,VALID,Carried from episode-level enrichment,"The case note explicitly describes a failed merge with the open Eendracht PO and a MAX attempt with Technoflex. Retain five undivided minutes of demand/consolidation work. Do not infer successful addition, Task 9, PO entry, a separate supplier-selection episode, HOLD/ORD or excluded aftercare."
2026-09-23,34,OBS-12,CLAR,12:26,12:31,5,Ordering,INCLUDE,VALID,Carried from episode-level enrichment,"The observed search and colleague enquiry concern missing drawings for an existing ordering need. Yijie clarified on 25 September that Engineering had supplied most drawings but omitted part of the set, and that Engineering supplies drawings for customised articles. This supports completing order inputs in Ordering, rather than determining a new specification. Task 4/5 linkage remains provisional. This case-level explanation does not establish the reason for other drawing episodes."
2026-09-23,35,OBS-13,OTHER,13:02,13:05,3,,INCLUDE,VALID,Carried from episode-level enrichment,"Reviewing Hydrasun offer information and forwarding it internally to Kees are explicit, but the purchasing decision served is unknown. Do not infer supplier selection, negotiation or supplier-PO sending."
2026-09-23,36,OBS-12,CLAR,13:05,13:08,3,Ordering,INCLUDE,VALID,Carried from episode-level enrichment,Blank CLAR resumes the urgent-demand case. Ordering context is provisional; do not assume this is further drawing retrieval or add a distinct technical requirement decision.
2026-09-23,37,OBS-14,REQ-mail,/,/,,Specification,INCLUDE,VALID,Carried from episode-level enrichment,The mail request leads to history review and a suitability question about a lower-pressure tube. Requirement-clarification intake is probable; it has no recorded duration.
2026-09-23,38,OBS-14,CLAR,13:08,13:13,5,Specification,INCLUDE,VALID,Carried from episode-level enrichment,"History review follows the tube request, and the confirmed case interpretation concerns pressure-rating suitability. This supports requirement investigation; the precise register sequence remains provisional and cheaper price does not establish negotiation."
2026-09-23,39,OBS-14,PO,13:13,13:17,4,Ordering,INCLUDE,VALID,Carried from episode-level enrichment,"Four lines added during the tube case. This supports amendment/completion, not an inferred MAX search, approval, dispatch or aftercare activity."
2026-09-23,40,OBS-14,CLAR,13:17,13:18,1,Specification,INCLUDE,VALID,Carried from episode-level enrichment,"Arno explicitly asks Emiel whether the lower-pressure HSP tube is suitable. This clarifies the purchasing requirement, not a confirmed commercial negotiation or completed-order price check."
2026-09-23,41,OBS-14,SEND,14:59,15:00,1,Ordering,INCLUDE,VALID,Carried from episode-level enrichment,SEND is timed 14:59–15:00 but document and recipient are not recorded; the case contains both specification and PO work. Preserve written row order and the Exact-delay note without inferring the sending purpose or any delay duration.
2026-09-23,42,OBS-12,SEND,13:18,13:20,2,Ordering,INCLUDE,VALID,Carried from episode-level enrichment,Blank SEND in the urgent-demand case has probable ordering context but no evidenced document/recipient. It is not automatically Task 23 or supplier-PO sending.
2026-09-23,43,OBS-15,REQ-mail,/,/,,Ordering,INCLUDE,VALID,Carried from episode-level enrichment,Mail intake precedes this case’s one-line PO work. A defined ordering request is provisional; the untimed occurrence supplies no intake duration.
2026-09-23,44,OBS-07,EXC,13:20,13:24,4,,EXCLUDE_EXC,VALID,Carried from episode-level enrichment,The source explicitly asks about ETA and a payment issue. Monitoring/follow-up is supported; no Finance-returned Task 30 is established and original EXC remains excluded.
2026-09-23,45,OBS-15,PO,13:24,13:26,2,Ordering,INCLUDE,VALID,Carried from episode-level enrichment,"A one-line PO episode is recorded without a detailed note. Retain provisional order preparation; no authorization, release, MAX or specific entry sequence is established."
2026-09-23,46,OBS-15,CHECK,13:26,13:28,2,,INCLUDE,VALID,Carried from episode-level enrichment,The CHECK subtype and comparison documents are unspecified. Its position after a PO row does not establish pre-release control or returned-confirmation checking.
2026-09-23,47,OBS-15,OTHER,13:28,13:30,2,Ordering,INCLUDE,VALID,Carried from episode-level enrichment,Walking to Emiel to pass information is explicit internal purchasing coordination in this case. Purpose/content are not sufficient for a stage-specific activity. Walking is not automatically Logistics work or waiting.
2026-09-23,48,OBS-15,CLAR,13:30,13:37,7,,INCLUDE,VALID,Carried from episode-level enrichment,The blank CLAR interval establishes no detailed question or stage. Preserve the recorded purchasing work; missing detail alone does not create a scope exclusion.
2026-09-23,49,OBS-16,REQ-desk,,/,,Not applicable,REVIEW_SCOPE,VALID,Open: observer to decide scope,"Desk intake precedes a logistics tracing episode, but its own subject is not recorded. Do not automatically inherit inclusion or exclusion; preserve scope review and missing duration."
2026-09-23,50,OBS-16,CLAR,13:37,13:42,5,Not applicable,REVIEW_SCOPE,VALID,Open: observer to decide scope,"The five-minute CLAR precedes explicit logistics tracing, but its content is blank. Its relationship to excluded tracing is unresolved; keep REVIEW_SCOPE rather than allocating these minutes to either scope."
2026-09-23,51,OBS-16,EXC,13:42,14:24,42,Not applicable,EXCLUDE_EXC,ELAPSED_ONLY,Carried from episode-level enrichment,"The confirmed activity is locating an item already received, stored and processed by Logistics. Original EXC and logistics exclusion apply. The 42-minute clock interval does not establish continuously observed active work and is retained only as elapsed-boundary metadata."
2026-09-23,52,OBS-17,EXC,14:24,14:26,2,,EXCLUDE_EXC,VALID,Carried from episode-level enrichment,"Germaine’s order question is recorded as EXC, with no detail sufficient for a purchasing stage. Preserve its exclusion independently of the later item-creation rows sharing OBS-17."
2026-09-23,53,OBS-17,REQ-mail,,/,,,INCLUDE,VALID,Carried from episode-level enrichment,"The explicit item-creation request supports master-data intake/coordination, not observed completion of creation. Preserve confirmed OBS-17; do not inherit the preceding EXC exclusion or invent a cross-task case identity."
2026-09-23,54,OBS-17,CLAR,14:40,14:47,7,,INCLUDE,VALID,Carried from episode-level enrichment,"Blank CLAR immediately follows the explicit item-creation request under the confirmed same OBS-17. Master-data support is provisional; no particular technical requirement, entry action or stage is established. The earlier EXC is a separate scope decision."
2026-09-23,55,OBS-18,SEND,14:47,14:49,2,Monitoring,INCLUDE,VALID,Observer decision 30 Sep: keep for now (was logistics in enrichment),"The spanning case note concerns transport-company arrival timing, supporting logistics exclusion. It explicitly does not assign the enquiry to this particular SEND row; retain unknown row purpose, document and stage."
2026-09-23,56,OBS-18,EXC,14:50,14:52,2,Monitoring,EXCLUDE_EXC,VALID,Carried from episode-level enrichment,"Relevant information is forwarded to stakeholders within the transport case. Preserve original EXC/logistics exclusion. The case-level arrival enquiry is not localized to this row, so do not manufacture a specific monitoring action."
2026-09-23,57,OBS-19,PO,14:52,14:57,5,Ordering,INCLUDE,VALID,Carried from episode-level enrichment,"Maximalisatie of the FPE Seals open PO is explicit. Preserve 10 original and 14 recorded lines without imposing a separately confirmed ADD/NONE result, Task 9, HOLD/proceed decision or pure decision duration."
2026-09-23,58,OBS-19,SEND,14:57,14:59,2,Ordering,INCLUDE,VALID,Carried from episode-level enrichment,"Blank SEND follows the MAX/open-PO case. Ordering context is provisional; no recipient, document, completed order or supplier-forwarding task is inferred."
